id,first_name,last_name,email,gender,ip_address
1,Alic,Emlin,aemlin0@comsenz.com,Male,100.185.164.98
2,Bessy,Kettlesting,bkettlesting1@w3.org,Female,215.211.177.101
3,Rudyard,Derbyshire,rderbyshire2@phpbb.com,Male,173.82.176.199
4,Carena,Biddiss,cbiddiss3@pagesperso-orange.fr,Female,26.253.191.201
5,Jessalin,Gillice,jgillice4@posterous.com,Female,136.189.239.48
6,Marlena,Rosettini,mrosettini5@google.co.uk,Female,69.84.22.195
7,Dierdre,Sidnall,dsidnall6@google.co.jp,Female,24.233.156.148
8,Phillis,Regina,pregina7@spiegel.de,Female,177.63.140.136
9,Mychal,Pamment,mpamment8@zimbio.com,Male,165.109.235.90
10,Loy,Petow,lpetow9@newyorker.com,Male,6.62.96.216
11,Vito,Neno,vnenoa@si.edu,Male,53.98.134.198
12,Berni,Maffin,bmaffinb@wp.com,Female,230.48.193.225
13,Anetta,Caine,acainec@cnbc.com,Female,255.103.198.46
14,Timofei,Gerrard,tgerrardd@tuttocitta.it,Male,75.116.131.101
15,Anne-marie,Phipard-Shears,aphipardshearse@psu.edu,Agender,164.243.129.106
16,Moina,Mines,mminesf@washingtonpost.com,Female,154.42.247.40
17,Marlyn,Proffer,mprofferg@prlog.org,Female,23.182.123.25
18,Jessee,Weatherall,jweatherallh@sfgate.com,Male,171.245.115.58
19,Rosalinda,Everil,reverili@noaa.gov,Female,13.181.52.36
20,Lilly,Cristofalo,lcristofaloj@weibo.com,Female,41.201.92.223
21,Tobi,Hutley,thutleyk@utexas.edu,Female,188.239.66.106
22,Ruthe,Bremmell,rbremmelll@home.pl,Female,134.17.192.17
23,Arleta,Kybert,akybertm@nps.gov,Female,191.57.185.195
24,Udell,Eliez,ueliezn@cdc.gov,Male,136.159.58.112
25,Albert,Lyles,alyleso@weather.com,Male,147.156.198.19
26,Noami,Tabbitt,ntabbittp@dyndns.org,Female,72.95.57.76
27,Milicent,Mousley,mmousleyq@dot.gov,Female,37.162.205.208
28,Welsh,Willey,wwilleyr@networksolutions.com,Male,243.78.248.13
29,Julienne,Blacklidge,jblacklidges@elegantthemes.com,Female,129.155.192.207
30,Jammie,Simao,jsimaot@narod.ru,Female,76.12.91.181
31,Domingo,Dries,ddriesu@tuttocitta.it,Male,81.54.175.82
32,Mikkel,Southeran,msoutheranv@msn.com,Polygender,53.53.249.43
33,Felisha,Delong,fdelongw@mac.com,Female,6.202.234.16
34,Rick,Joyner,rjoynerx@youtu.be,Male,67.220.117.127
35,Klement,Mandell,kmandelly@geocities.jp,Male,54.54.172.110
36,Rasia,Huckster,rhucksterz@ucla.edu,Female,29.67.222.149
37,Gilberte,Pothecary,gpothecary10@prnewswire.com,Female,255.158.115.132
38,Dody,Fidler,dfidler11@nationalgeographic.com,Female,66.192.1.85
39,Goldie,Mulder,gmulder12@weebly.com,Female,233.49.216.44
40,Cati,Bertelsen,cbertelsen13@ow.ly,Female,11.212.225.62
41,Gustave,Fausset,gfausset14@nymag.com,Male,72.166.177.248
42,Rice,Scawn,rscawn15@wisc.edu,Male,96.248.209.1
43,Darryl,Montel,dmontel16@domainmarket.com,Male,39.61.154.225
44,Dulcia,Tustin,dtustin17@google.cn,Female,122.234.132.32
45,Krystalle,Josefovic,kjosefovic18@gmpg.org,Female,243.39.220.136
46,Jilleen,Birtle,jbirtle19@flickr.com,Female,110.54.94.208
47,Darryl,Sydenham,dsydenham1a@webs.com,Female,2.160.213.28
48,Mechelle,Reaney,mreaney1b@scribd.com,Female,64.227.31.51
49,Lora,Wadsworth,lwadsworth1c@sciencedaily.com,Agender,114.138.137.163
50,Luisa,Heliet,lheliet1d@nationalgeographic.com,Female,197.25.199.137
51,Kurtis,Sewall,ksewall1e@bravesites.com,Male,49.27.151.148
52,Roddy,Siehard,rsiehard1f@paypal.com,Male,154.173.58.213
53,Erica,Livzey,elivzey1g@washington.edu,Female,37.51.110.99
54,Nickolai,O'Siaghail,nosiaghail1h@tiny.cc,Bigender,13.178.17.240
55,Eran,Whiff,ewhiff1i@prlog.org,Female,231.242.244.212
56,Mehetabel,Spriggen,mspriggen1j@bluehost.com,Female,217.130.233.178
57,Mendy,Fursse,mfursse1k@time.com,Male,68.13.180.253
58,Elke,Bronot,ebronot1l@gov.uk,Female,82.188.68.22
59,Sonia,Celier,scelier1m@zdnet.com,Female,202.36.119.48
60,Tammara,Kittless,tkittless1n@ucoz.ru,Female,120.148.7.68
61,Francesco,MacQuaker,fmacquaker1o@123-reg.co.uk,Male,27.228.96.156
62,Deni,Pykerman,dpykerman1p@yelp.com,Female,254.51.193.172
63,Keelby,Muggleston,kmuggleston1q@qq.com,Male,70.86.221.16
64,Norina,Coytes,ncoytes1r@washingtonpost.com,Female,50.215.102.250
65,Danila,Pembridge,dpembridge1s@sakura.ne.jp,Bigender,198.223.82.54
66,Uriah,Ronisch,uronisch1t@sourceforge.net,Male,214.124.207.40
67,Pincus,Amiranda,pamiranda1u@w3.org,Male,113.17.202.174
68,Christoffer,Hillaby,chillaby1v@springer.com,Male,220.101.234.141
69,Rodrique,Dunk,rdunk1w@miibeian.gov.cn,Male,139.34.154.41
70,Seth,Tobin,stobin1x@ed.gov,Male,92.197.65.212
71,Evangelina,Saller,esaller1y@vk.com,Female,203.111.207.139
72,Blair,Manshaw,bmanshaw1z@posterous.com,Male,148.159.249.81
73,Cyrill,Peery,cpeery20@paypal.com,Male,46.2.215.232
74,Dougie,Losano,dlosano21@apache.org,Male,178.88.231.181
75,Alethea,Flewin,aflewin22@dropbox.com,Female,248.198.222.165
76,Chere,Blyth,cblyth23@vk.com,Female,35.163.25.12
77,Mellicent,Durber,mdurber24@free.fr,Non-binary,67.53.176.71
78,Tansy,Senechell,tsenechell25@ft.com,Female,3.194.179.157
79,Lindy,Bickers,lbickers26@amazon.de,Male,91.32.46.137
80,Nettle,Mignot,nmignot27@hexun.com,Female,75.111.5.57
81,Reinald,Champagne,rchampagne28@ask.com,Male,98.0.155.150
82,Charla,Olivelli,colivelli29@discovery.com,Female,83.223.95.125
83,Hedy,Salmond,hsalmond2a@umich.edu,Female,129.64.26.31
84,Haydon,Archbold,harchbold2b@blog.com,Male,56.158.22.15
85,Libbie,Burbury,lburbury2c@blogger.com,Female,251.57.69.171
86,Caressa,Shropsheir,cshropsheir2d@angelfire.com,Female,110.144.14.5
87,Harley,Smee,hsmee2e@wikispaces.com,Male,227.39.165.221
88,Llewellyn,Pavlishchev,lpavlishchev2f@ameblo.jp,Male,237.24.125.210
89,Nickie,Stokes,nstokes2g@ted.com,Male,41.63.103.246
90,Zechariah,Camis,zcamis2h@apple.com,Male,26.15.193.43
91,Zeb,Sima,zsima2i@wikia.com,Male,6.247.234.129
92,Heather,Lisle,hlisle2j@linkedin.com,Female,230.109.112.227
93,Arvin,Pellew,apellew2k@slashdot.org,Male,228.148.64.219
94,Berty,Palliser,bpalliser2l@bandcamp.com,Female,173.132.167.10
95,Isadore,Wreakes,iwreakes2m@geocities.com,Genderqueer,194.118.218.209
96,Sunny,Kirwin,skirwin2n@ning.com,Bigender,124.127.52.87
97,Benyamin,Chowne,bchowne2o@biblegateway.com,Male,185.254.249.49
98,Antone,Lannon,alannon2p@dell.com,Male,215.78.106.123
99,Sibilla,Dumini,sdumini2q@answers.com,Female,175.58.110.186
100,Arne,Treneer,atreneer2r@google.com.br,Male,206.34.87.227
101,Tommie,Tourle,ttourle2s@instagram.com,Male,101.12.29.25
102,Kristien,Reinhardt,kreinhardt2t@tinyurl.com,Female,116.83.203.181
103,Westbrooke,Pitkeathley,wpitkeathley2u@senate.gov,Male,92.251.202.180
104,Lennie,Norssister,lnorssister2v@princeton.edu,Male,98.24.53.107
105,Abey,Palfreyman,apalfreyman2w@cisco.com,Male,172.190.135.209
106,Jermayne,Lydster,jlydster2x@nifty.com,Male,220.156.17.87
107,Rochella,Dell'Abbate,rdellabbate2y@archive.org,Female,213.94.178.138
108,Mariann,Costigan,mcostigan2z@etsy.com,Female,54.16.39.51
109,Kandy,Stroban,kstroban30@4shared.com,Female,194.198.176.183
110,Rona,De Cleyne,rdecleyne31@jugem.jp,Female,214.0.204.58
111,Zared,Cufley,zcufley32@wisc.edu,Male,113.107.144.192
112,Kimmi,Attack,kattack33@furl.net,Female,250.75.164.106
113,Talya,Minney,tminney34@timesonline.co.uk,Female,112.72.197.23
114,Cristi,McNirlan,cmcnirlan35@redcross.org,Genderqueer,97.31.82.86
115,Patric,Egarr,pegarr36@alibaba.com,Male,51.57.64.148
116,Damien,Moncreiffe,dmoncreiffe37@wisc.edu,Male,67.50.64.52
117,Leslie,Pendreigh,lpendreigh38@virginia.edu,Genderfluid,240.104.132.35
118,Percy,Gegay,pgegay39@forbes.com,Male,143.244.182.216
119,Marsha,Tassel,mtassel3a@microsoft.com,Bigender,125.227.198.171
120,Liane,Shimman,lshimman3b@etsy.com,Female,93.86.235.96
121,Elston,Johansen,ejohansen3c@bbc.co.uk,Male,87.47.239.211
122,Bayard,Kempe,bkempe3d@mozilla.org,Male,57.251.210.140
123,Joana,Ripping,jripping3e@abc.net.au,Female,128.53.248.131
124,Law,Lorenzini,llorenzini3f@mtv.com,Male,83.117.55.214
125,Forrest,Godsell,fgodsell3g@smh.com.au,Male,89.210.63.63
126,Hanna,Folbig,hfolbig3h@delicious.com,Female,179.61.88.20
127,Klemens,Mulvany,kmulvany3i@wikimedia.org,Male,5.118.111.164
128,Parsifal,Vela,pvela3j@cnet.com,Male,77.244.113.206
129,Phelia,Bielfelt,pbielfelt3k@hostgator.com,Female,100.254.63.110
130,Hobie,Pirelli,hpirelli3l@biblegateway.com,Polygender,242.253.246.241
131,Lorri,Baudi,lbaudi3m@opera.com,Female,131.225.79.221
132,Bobinette,Stanluck,bstanluck3n@arizona.edu,Agender,160.53.197.6
133,Bourke,Peppard,bpeppard3o@comsenz.com,Male,194.191.134.245
134,Elberta,Dunan,edunan3p@odnoklassniki.ru,Genderqueer,106.29.195.14
135,Barnabe,McBean,bmcbean3q@phpbb.com,Male,21.15.54.198
136,Pavia,Geddis,pgeddis3r@wordpress.org,Female,222.7.72.45
137,Harry,Gergler,hgergler3s@over-blog.com,Male,237.248.169.25
138,Fernanda,Tailby,ftailby3t@abc.net.au,Female,157.65.177.31
139,Hugo,Prenty,hprenty3u@ucoz.ru,Male,178.201.252.144
140,Bertrand,Jatczak,bjatczak3v@github.io,Male,253.146.108.165
141,Freeman,Mattei,fmattei3w@mtv.com,Male,2.21.244.241
142,Cati,Braban,cbraban3x@google.fr,Female,174.188.207.2
143,Rouvin,Durrell,rdurrell3y@addtoany.com,Male,167.15.104.106
144,Pascale,Ivushkin,pivushkin3z@1688.com,Male,140.208.19.8
145,Aileen,Adolfsen,aadolfsen40@4shared.com,Female,24.176.159.6
146,Elisha,Wildsmith,ewildsmith41@wiley.com,Male,248.140.215.216
147,Aldin,Devereu,adevereu42@facebook.com,Agender,59.204.94.68
148,Iormina,Girardet,igirardet43@deviantart.com,Female,103.46.110.133
149,Lothario,MacCracken,lmaccracken44@hc360.com,Male,194.61.95.59
150,Conrado,Dorcey,cdorcey45@ehow.com,Male,137.78.186.55
151,Lorry,Kopfen,lkopfen46@msn.com,Female,31.48.83.83
152,Edwin,Franceschelli,efranceschelli47@alexa.com,Male,166.140.137.118
153,Archibold,Peare,apeare48@ucoz.com,Male,165.140.132.107
154,Claudian,Ben,cben49@columbia.edu,Male,190.125.51.217
155,Dill,Lots,dlots4a@amazon.de,Male,255.176.20.37
156,Kikelia,Reffe,kreffe4b@china.com.cn,Female,14.192.173.70
157,Kimberli,Radmore,kradmore4c@pagesperso-orange.fr,Female,157.139.161.18
158,Quintus,Connachan,qconnachan4d@indiegogo.com,Male,83.136.163.143
159,Elvira,Baraclough,ebaraclough4e@loc.gov,Female,70.181.103.218
160,Imojean,Tyzack,ityzack4f@i2i.jp,Female,236.94.156.148
161,Gusti,Balfour,gbalfour4g@npr.org,Female,154.42.220.40
162,Nick,Winstanley,nwinstanley4h@ocn.ne.jp,Male,172.86.186.242
163,Caressa,Jillings,cjillings4i@histats.com,Female,45.195.117.126
164,Alexandro,Boij,aboij4j@ca.gov,Male,147.68.177.35
165,Yolande,Sewards,ysewards4k@house.gov,Female,255.172.167.140
166,Lynette,Iashvili,liashvili4l@wsj.com,Female,24.203.30.159
167,Willard,Haslen,whaslen4m@ucoz.ru,Male,215.239.232.67
168,Randee,Sealand,rsealand4n@live.com,Female,153.0.35.159
169,Gaylene,Puden,gpuden4o@umn.edu,Female,13.115.14.133
170,Judd,Greenan,jgreenan4p@soup.io,Male,207.3.2.128
171,Florencia,Wank,fwank4q@imgur.com,Genderfluid,29.177.141.32
172,Rusty,Magwood,rmagwood4r@reference.com,Male,72.214.111.2
173,Ximenes,Maeer,xmaeer4s@sina.com.cn,Male,15.45.119.109
174,Werner,Tetley,wtetley4t@exblog.jp,Male,40.84.34.50
175,Michaeline,Schwant,mschwant4u@eventbrite.com,Female,131.22.219.84
176,Collin,Morley,cmorley4v@smh.com.au,Male,201.38.105.144
177,Davide,Blamphin,dblamphin4w@blogspot.com,Agender,146.126.72.92
178,Tommi,Blackburne,tblackburne4x@wp.com,Female,72.33.100.52
179,Nikita,Tenby,ntenby4y@booking.com,Male,176.102.11.131
180,Linc,Lohering,llohering4z@hostgator.com,Male,158.32.53.137
181,Winnah,Fargher,wfargher50@washingtonpost.com,Female,97.113.102.26
182,Nicolai,Fendt,nfendt51@businesswire.com,Male,137.250.74.96
183,Arthur,Smalman,asmalman52@ezinearticles.com,Polygender,215.167.143.101
184,Gwenora,Cesco,gcesco53@tinypic.com,Female,95.147.199.247
185,Letta,Porcas,lporcas54@wikimedia.org,Genderqueer,26.151.92.56
186,Zelig,Ketts,zketts55@drupal.org,Male,253.184.91.15
187,Wallace,Blinde,wblinde56@photobucket.com,Male,156.101.129.254
188,Kaiser,Jaher,kjaher57@mapquest.com,Male,117.146.148.90
189,Loraine,Brain,lbrain58@trellian.com,Female,178.1.201.93
190,Kellia,Guarin,kguarin59@statcounter.com,Non-binary,124.94.152.136
191,Ellene,Joliffe,ejoliffe5a@t-online.de,Female,42.19.207.197
192,Starlin,Wyllcock,swyllcock5b@theglobeandmail.com,Female,185.92.100.144
193,Mack,Parades,mparades5c@upenn.edu,Male,197.117.30.23
194,Sisile,Morin,smorin5d@whitehouse.gov,Female,6.134.200.43
195,Gordon,Isaksen,gisaksen5e@sina.com.cn,Bigender,245.225.89.244
196,Stephine,Colicot,scolicot5f@upenn.edu,Genderqueer,226.134.56.36
197,Timofei,Hedderly,thedderly5g@ustream.tv,Male,17.46.103.71
198,Cris,Ligerton,cligerton5h@fema.gov,Female,8.2.138.254
199,Deck,Penburton,dpenburton5i@senate.gov,Male,22.19.51.61
200,Garvey,Mettrick,gmettrick5j@360.cn,Male,255.181.10.61
201,Montague,Baress,mbaress5k@pinterest.com,Male,47.21.109.204
202,Estrellita,Snoddon,esnoddon5l@typepad.com,Female,253.205.251.62
203,Roi,Bradfield,rbradfield5m@hexun.com,Male,24.181.77.66
204,Rolf,Sharply,rsharply5n@gizmodo.com,Bigender,85.182.231.216
205,Wright,Amey,wamey5o@springer.com,Male,56.68.236.198
206,Clement,Pidduck,cpidduck5p@nba.com,Male,170.149.202.190
207,Francine,Beardon,fbeardon5q@themeforest.net,Female,11.64.248.94
208,Syd,Anniwell,sanniwell5r@twitpic.com,Male,249.93.50.11
209,Keefe,Houchin,khouchin5s@yale.edu,Male,176.15.137.185
210,Ulrika,Abrahmson,uabrahmson5t@imdb.com,Female,235.99.67.108
211,Hetti,Eveling,heveling5u@dagondesign.com,Female,202.170.18.92
212,Lalo,Preon,lpreon5v@blinklist.com,Male,218.98.50.37
213,Andre,Farrens,afarrens5w@ft.com,Male,122.99.109.5
214,Quinlan,Rawles,qrawles5x@fda.gov,Male,122.124.84.14
215,Torrie,Trundell,ttrundell5y@thetimes.co.uk,Female,30.231.132.28
216,Sam,Nesfield,snesfield5z@alibaba.com,Male,11.60.83.83
217,Christiana,Allbrook,callbrook60@cnn.com,Female,141.74.102.27
218,Bliss,Winkle,bwinkle61@nyu.edu,Female,187.57.108.220
219,Hastie,Dolton,hdolton62@dot.gov,Male,73.172.103.9
220,Basilio,Andreacci,bandreacci63@cnbc.com,Male,69.140.113.82
221,Coop,Baggs,cbaggs64@pagesperso-orange.fr,Male,88.18.100.246
222,Nicolas,Richel,nrichel65@phoca.cz,Male,158.209.93.97
223,Rod,Grasner,rgrasner66@godaddy.com,Male,32.154.229.32
224,Natassia,Cackett,ncackett67@washingtonpost.com,Female,17.188.202.191
225,Kariotta,Cowland,kcowland68@hubpages.com,Female,79.200.111.128
226,Blinnie,Trunkfield,btrunkfield69@msn.com,Female,171.56.4.245
227,Christiano,Brack,cbrack6a@yolasite.com,Male,7.100.125.169
228,Kaila,Laying,klaying6b@sun.com,Polygender,96.90.191.162
229,Drucie,Tait,dtait6c@google.com.br,Female,244.188.186.141
230,Darsie,Immer,dimmer6d@berkeley.edu,Female,122.171.102.94
231,Ariel,McIlvaney,amcilvaney6e@nih.gov,Female,237.88.21.78
232,Daile,Vanderson,dvanderson6f@examiner.com,Female,109.247.135.90
233,Diarmid,Grishankov,dgrishankov6g@japanpost.jp,Male,127.145.247.95
234,Rossie,Bickford,rbickford6h@google.es,Male,46.5.107.165
235,Calv,Battyll,cbattyll6i@last.fm,Genderfluid,36.48.75.53
236,Kenneth,Poundford,kpoundford6j@cnn.com,Male,42.201.138.115
237,Dee dee,Hewell,dhewell6k@discovery.com,Female,44.246.128.183
238,Dari,Margerison,dmargerison6l@tumblr.com,Female,244.39.14.182
239,Ashley,Feifer,afeifer6m@oakley.com,Male,38.50.120.0
240,Remus,Giacoboni,rgiacoboni6n@mlb.com,Male,140.169.70.45
241,Ardelis,Beed,abeed6o@wiley.com,Female,22.161.240.163
242,Ermanno,Hartford,ehartford6p@europa.eu,Genderqueer,134.109.84.59
243,Rutherford,Crann,rcrann6q@chronoengine.com,Male,83.173.125.232
244,Kele,Stodhart,kstodhart6r@netscape.com,Male,96.227.38.175
245,Maren,Doberer,mdoberer6s@php.net,Female,111.199.166.211
246,Estella,Thayre,ethayre6t@oracle.com,Female,51.196.105.218
247,Poul,Cracker,pcracker6u@google.fr,Male,223.146.112.59
248,Yule,Dandy,ydandy6v@icio.us,Male,211.14.219.216
249,Lorna,Kienle,lkienle6w@howstuffworks.com,Female,205.87.137.107
250,Erik,Tanti,etanti6x@miitbeian.gov.cn,Male,202.89.61.216
251,Conrad,Deavin,cdeavin6y@i2i.jp,Male,116.245.141.82
252,Winonah,Sheilds,wsheilds6z@studiopress.com,Female,249.157.48.170
253,Farlie,Allardyce,fallardyce70@google.de,Male,167.227.75.101
254,Nessie,Antonelli,nantonelli71@house.gov,Female,8.247.82.58
255,Marybeth,Van Halen,mvanhalen72@oracle.com,Female,74.215.228.122
256,Emmye,Van Leijs,evanleijs73@miitbeian.gov.cn,Female,25.179.35.49
257,Antonietta,Ironmonger,aironmonger74@tamu.edu,Female,250.170.94.132
258,Maje,Villar,mvillar75@ask.com,Male,174.134.185.29
259,Virgie,Burnel,vburnel76@usgs.gov,Male,113.243.21.227
260,Giraud,Carik,gcarik77@google.nl,Male,31.162.90.22
261,Teddy,Streeten,tstreeten78@bluehost.com,Male,8.46.30.127
262,Jeffry,Siney,jsiney79@china.com.cn,Male,164.169.210.19
263,Salvador,Kinder,skinder7a@stanford.edu,Male,115.67.80.35
264,Delmar,Pawelek,dpawelek7b@sohu.com,Male,17.94.218.5
265,Harriet,Roslen,hroslen7c@craigslist.org,Female,51.25.60.215
266,Cathleen,Osbaldeston,cosbaldeston7d@house.gov,Female,203.52.147.90
267,Avivah,Hesser,ahesser7e@woothemes.com,Female,10.181.253.208
268,Kariotta,Tukesby,ktukesby7f@toplist.cz,Female,21.214.175.190
269,Norby,Durden,ndurden7g@dedecms.com,Male,144.109.64.32
270,Waldemar,Batchelar,wbatchelar7h@ustream.tv,Male,147.2.152.51
271,Sharia,Markie,smarkie7i@zdnet.com,Female,124.195.102.117
272,Birk,Pointin,bpointin7j@yahoo.co.jp,Male,82.132.24.96
273,Elnore,Tremontana,etremontana7k@dropbox.com,Female,127.212.175.207
274,Hendrik,Leftwich,hleftwich7l@netscape.com,Male,206.226.218.130
275,Doyle,Pumphrey,dpumphrey7m@qq.com,Male,133.221.173.251
276,Mandi,Polkinghorne,mpolkinghorne7n@squidoo.com,Female,238.11.205.91
277,Christiano,Brigge,cbrigge7o@elpais.com,Male,117.247.38.65
278,Cati,Lanchberry,clanchberry7p@adobe.com,Female,242.18.137.29
279,Anett,Zammett,azammett7q@furl.net,Female,17.13.199.47
280,Lennie,Wane,lwane7r@ca.gov,Male,11.208.120.72
281,Deeann,Jacombs,djacombs7s@scribd.com,Female,36.13.55.187
282,Brendis,Kingswell,bkingswell7t@java.com,Genderfluid,146.1.235.93
283,Mame,Ridoutt,mridoutt7u@seesaa.net,Female,16.110.147.165
284,Garvin,Union,gunion7v@technorati.com,Male,80.126.40.47
285,Marice,Fairhall,mfairhall7w@hhs.gov,Female,115.219.23.31
286,Helyn,Maroney,hmaroney7x@pen.io,Female,46.130.171.227
287,Claudell,O'Sharry,cosharry7y@sbwire.com,Male,82.160.162.245
288,Ximenes,Bushen,xbushen7z@yale.edu,Male,162.253.151.20
289,Carmen,Butland,cbutland80@nytimes.com,Female,83.49.136.253
290,Hoebart,Vaughton,hvaughton81@nba.com,Male,146.22.246.141
291,Analise,Hansley,ahansley82@multiply.com,Female,219.70.149.94
292,Yul,Boggers,yboggers83@miitbeian.gov.cn,Male,118.151.164.157
293,Sigmund,Dyte,sdyte84@ucsd.edu,Male,247.143.81.156
294,Emmery,Mosedill,emosedill85@gnu.org,Male,100.52.121.204
295,Ed,Dobby,edobby86@mapy.cz,Male,145.224.34.177
296,Giustina,Porkiss,gporkiss87@springer.com,Female,216.144.247.235
297,Rubina,Marousek,rmarousek88@blog.com,Female,181.119.174.58
298,Kory,Gaitskill,kgaitskill89@bravesites.com,Male,20.251.23.37
299,Aveline,Meaddowcroft,ameaddowcroft8a@multiply.com,Female,66.166.138.118
300,Milicent,Antowski,mantowski8b@pinterest.com,Female,111.108.207.68
301,Alis,Melding,amelding8c@photobucket.com,Female,254.62.125.30
302,Dagny,Trenchard,dtrenchard8d@bloglovin.com,Male,99.72.153.59
303,Patrizia,O'Keevan,pokeevan8e@ask.com,Female,5.37.50.171
304,Kristian,McKeller,kmckeller8f@bloglines.com,Male,130.231.211.150
305,Barthel,Lanphier,blanphier8g@ocn.ne.jp,Male,190.99.14.144
306,Roddie,Klimek,rklimek8h@eepurl.com,Male,8.158.109.50
307,Beauregard,Marmon,bmarmon8i@reverbnation.com,Male,79.192.181.254
308,Diena,Du Hamel,dduhamel8j@ucoz.com,Female,165.196.145.15
309,Angelia,Standage,astandage8k@phoca.cz,Female,78.165.221.159
310,Janeen,Idel,jidel8l@auda.org.au,Female,159.152.57.65
311,Karine,Edwardes,kedwardes8m@thetimes.co.uk,Non-binary,26.69.95.19
312,Dannye,Nestoruk,dnestoruk8n@cafepress.com,Female,149.153.236.217
313,Marti,Beagrie,mbeagrie8o@abc.net.au,Female,0.91.104.20
314,Ilaire,Searby,isearby8p@drupal.org,Male,96.239.101.34
315,Lanie,Woodall,lwoodall8q@github.com,Female,54.138.227.223
316,Patten,Locard,plocard8r@blinklist.com,Male,45.205.71.198
317,Adelina,Bastock,abastock8s@howstuffworks.com,Genderfluid,123.47.24.92
318,Cornelius,Tomankowski,ctomankowski8t@cafepress.com,Male,191.18.17.171
319,Obediah,Elfe,oelfe8u@google.co.jp,Male,39.225.220.125
320,Free,Lattin,flattin8v@drupal.org,Male,18.17.108.150
321,Krispin,Wilmut,kwilmut8w@theglobeandmail.com,Male,125.134.60.147
322,Cristiano,Hane,chane8x@yelp.com,Male,183.89.70.126
323,Faydra,Galliard,fgalliard8y@github.com,Female,247.244.96.221
324,Jasen,Barnewelle,jbarnewelle8z@mozilla.com,Male,68.38.126.152
325,Luce,Witherdon,lwitherdon90@constantcontact.com,Non-binary,76.122.43.2
326,Sherlock,Bentick,sbentick91@omniture.com,Male,214.23.234.167
327,Meade,Parmley,mparmley92@infoseek.co.jp,Female,229.23.99.115
328,Meier,D'Alesco,mdalesco93@bbc.co.uk,Male,18.205.14.26
329,Lia,Mariet,lmariet94@over-blog.com,Female,206.158.104.115
330,Dalt,Reppaport,dreppaport95@com.com,Male,239.88.73.212
331,Linoel,Jahnisch,ljahnisch96@drupal.org,Non-binary,48.172.165.51
332,Olwen,Gorrie,ogorrie97@who.int,Female,39.105.35.254
333,Veronika,Scantlebury,vscantlebury98@nydailynews.com,Female,110.135.50.110
334,Gale,Brotheridge,gbrotheridge99@skype.com,Male,98.255.35.199
335,Renard,Coughtrey,rcoughtrey9a@theguardian.com,Polygender,17.141.204.130
336,Anton,Portman,aportman9b@facebook.com,Male,166.2.185.28
337,Milissent,Smallcombe,msmallcombe9c@comsenz.com,Female,191.226.1.219
338,Trula,Turbefield,tturbefield9d@yellowpages.com,Female,149.148.92.172
339,Crystie,Lammerding,clammerding9e@wunderground.com,Female,211.74.27.15
340,Hall,Rau,hrau9f@hubpages.com,Male,46.156.120.160
341,Patrizius,Cockman,pcockman9g@google.com.au,Male,253.7.254.201
342,Harlen,Rozenbaum,hrozenbaum9h@unc.edu,Male,111.188.210.27
343,Valina,Dunbar,vdunbar9i@cdc.gov,Female,119.179.85.109
344,Ann-marie,Sharpling,asharpling9j@google.fr,Female,241.248.44.244
345,Chrystel,Longthorne,clongthorne9k@tamu.edu,Female,142.140.188.144
346,Neel,Reubens,nreubens9l@blinklist.com,Male,173.141.119.31
347,Donovan,Whodcoat,dwhodcoat9m@washington.edu,Male,21.161.245.234
348,Stevy,Coie,scoie9n@parallels.com,Male,79.139.123.201
349,Aarika,Heal,aheal9o@google.es,Female,208.155.19.195
350,Brant,Belford,bbelford9p@admin.ch,Male,62.85.83.143
351,Giorgio,Gorvin,ggorvin9q@uiuc.edu,Male,154.105.220.219
352,Kiersten,Gittoes,kgittoes9r@ameblo.jp,Female,199.247.220.178
353,Frasco,Barends,fbarends9s@csmonitor.com,Male,4.86.38.160
354,Dian,Hayller,dhayller9t@tuttocitta.it,Female,52.219.13.208
355,Johny,Plait,jplait9u@cmu.edu,Male,196.149.148.233
356,Zsazsa,Menghi,zmenghi9v@technorati.com,Female,89.98.187.70
357,Nana,Grigorescu,ngrigorescu9w@umich.edu,Female,238.152.89.141
358,Aime,Huskinson,ahuskinson9x@weebly.com,Female,245.59.143.43
359,Kristal,Lauret,klauret9y@squidoo.com,Female,133.75.177.57
360,Eduard,Danels,edanels9z@meetup.com,Male,203.78.30.134
361,Ermentrude,Bernardi,ebernardia0@nba.com,Female,121.21.1.2
362,Chester,Brent,cbrenta1@webeden.co.uk,Male,249.39.208.246
363,Yoshiko,Blinkhorn,yblinkhorna2@list-manage.com,Female,241.136.150.123
364,Gwyneth,Grossman,ggrossmana3@home.pl,Female,134.9.252.85
365,Kayne,Myhan,kmyhana4@technorati.com,Male,5.187.187.145
366,Timmie,Scuffham,tscuffhama5@stumbleupon.com,Male,236.120.182.94
367,Ruthy,Faithfull,rfaithfulla6@ycombinator.com,Female,173.156.223.72
368,Lizabeth,Stainer,lstainera7@deviantart.com,Female,91.155.7.39
369,Eve,Callaby,ecallabya8@unblog.fr,Female,217.141.141.182
370,Humbert,Esilmon,hesilmona9@xinhuanet.com,Male,159.229.243.87
371,Wit,Laverock,wlaverockaa@photobucket.com,Male,111.33.91.247
372,Georgy,Mc Corley,gmccorleyab@guardian.co.uk,Male,136.15.223.191
373,Darren,MacAlpine,dmacalpineac@globo.com,Male,207.240.69.230
374,Myrvyn,Crook,mcrookad@marketwatch.com,Male,27.51.215.109
375,Renate,Wilderspoon,rwilderspoonae@hp.com,Female,129.215.96.246
376,Aldus,De Michetti,ademichettiaf@businessinsider.com,Male,156.44.14.153
377,Egbert,Galway,egalwayag@infoseek.co.jp,Male,190.48.21.64
378,Hirsch,Koppelmann,hkoppelmannah@upenn.edu,Male,103.7.220.107
379,Jessey,Oldis,joldisai@psu.edu,Male,89.83.64.253
380,Clem,Daintier,cdaintieraj@latimes.com,Female,173.53.63.84
381,Lizzie,Erswell,lerswellak@reverbnation.com,Polygender,83.45.187.0
382,Venita,Decayette,vdecayetteal@meetup.com,Female,196.151.105.240
383,Lindsay,Mawne,lmawneam@typepad.com,Female,63.73.113.37
384,Jaimie,Shewring,jshewringan@soundcloud.com,Female,122.196.22.232
385,Cordey,Cavozzi,ccavozziao@cnn.com,Female,197.176.150.97
386,Domenico,Loding,dlodingap@epa.gov,Male,189.9.152.183
387,Willdon,Bris,wbrisaq@hatena.ne.jp,Male,35.244.91.73
388,Marc,Brattan,mbrattanar@hostgator.com,Male,183.125.73.226
389,Nichole,Munt,nmuntas@xinhuanet.com,Male,254.102.135.43
390,Georgeanna,Gossage,ggossageat@amazon.de,Female,27.191.19.12
391,Kearney,Gilby,kgilbyau@nyu.edu,Male,43.193.241.90
392,Gayle,Grooby,ggroobyav@google.co.jp,Female,66.50.156.229
393,Spencer,Kyllford,skyllfordaw@mysql.com,Male,74.88.222.40
394,Luce,Wardington,lwardingtonax@usgs.gov,Male,101.160.214.200
395,Renard,Binner,rbinneray@reddit.com,Male,235.160.84.229
396,Candra,Sainer,csaineraz@disqus.com,Female,154.49.148.232
397,Stanislaus,Vasilic,svasilicb0@naver.com,Male,229.145.149.73
398,Sharleen,Rojel,srojelb1@bloomberg.com,Female,56.68.219.225
399,Gearalt,Heineking,gheinekingb2@craigslist.org,Male,233.196.189.128
400,Alikee,Derrick,aderrickb3@salon.com,Female,214.130.86.220
401,Ryley,Grubb,rgrubbb4@huffingtonpost.com,Male,31.94.228.206
402,Abbi,Welbrock,awelbrockb5@va.gov,Female,104.140.105.243
403,Clotilda,Shurlock,cshurlockb6@whitehouse.gov,Bigender,174.210.190.152
404,Keslie,Neachell,kneachellb7@businessweek.com,Female,142.6.178.107
405,Hurley,Adriano,hadrianob8@blinklist.com,Male,207.23.242.208
406,Larisa,Thornthwaite,lthornthwaiteb9@nps.gov,Female,106.147.115.53
407,Titos,Luscombe,tluscombeba@blogs.com,Male,92.74.170.68
408,Kati,Pomfrett,kpomfrettbb@columbia.edu,Female,197.59.231.89
409,Natividad,Foster,nfosterbc@hugedomains.com,Female,150.124.177.46
410,Durant,Godley,dgodleybd@hud.gov,Male,33.31.73.181
411,Erie,Jakoubek,ejakoubekbe@twitpic.com,Male,201.113.154.31
412,Wenona,Lalley,wlalleybf@networkadvertising.org,Female,193.184.181.68
413,Robin,Lascell,rlascellbg@yahoo.co.jp,Male,140.80.55.210
414,Gwenette,Wikey,gwikeybh@ameblo.jp,Female,14.62.242.155
415,Hilde,Pickless,hpicklessbi@infoseek.co.jp,Female,223.90.179.60
416,Linnie,Lednor,llednorbj@shareasale.com,Female,124.107.116.137
417,Merrel,Hankin,mhankinbk@hubpages.com,Male,248.184.127.115
418,Bram,Duprey,bdupreybl@harvard.edu,Male,137.155.66.251
419,Kendall,Rablan,krablanbm@cmu.edu,Male,57.85.91.42
420,My,Robinett,mrobinettbn@goo.ne.jp,Male,68.33.26.146
421,Sandi,Ballentime,sballentimebo@discuz.net,Female,163.138.76.9
422,Emelyne,Borwick,eborwickbp@theglobeandmail.com,Female,54.239.232.54
423,Kimble,Werndly,kwerndlybq@miibeian.gov.cn,Male,15.187.25.157
424,Shena,Rowesby,srowesbybr@networkadvertising.org,Female,204.21.185.218
425,Milka,Nelles,mnellesbs@addthis.com,Female,12.176.102.158
426,Yorke,Need,yneedbt@tamu.edu,Male,237.97.3.49
427,Lester,Grint,lgrintbu@pbs.org,Male,98.157.158.112
428,Ulick,Faldo,ufaldobv@elegantthemes.com,Male,194.34.54.11
429,Gauthier,Grunwall,ggrunwallbw@issuu.com,Male,182.38.153.12
430,Ottilie,Cunio,ocuniobx@simplemachines.org,Female,102.158.12.219
431,Westleigh,Springle,wspringleby@dion.ne.jp,Male,211.115.5.170
432,Ketty,Tynnan,ktynnanbz@europa.eu,Female,7.179.109.223
433,Kev,Iacovazzi,kiacovazzic0@woothemes.com,Polygender,143.255.140.123
434,Erroll,Penhaleurack,epenhaleurackc1@free.fr,Male,20.184.75.135
435,Darrell,Focke,dfockec2@google.com.br,Male,65.77.71.173
436,Carolan,Lightoller,clightollerc3@ehow.com,Non-binary,166.204.149.133
437,Wolfgang,Osler,woslerc4@google.pl,Male,119.38.55.0
438,Zachery,Mussotti,zmussottic5@ibm.com,Bigender,195.126.134.185
439,Rodrigo,Bein,rbeinc6@simplemachines.org,Male,242.72.149.243
440,Court,Grew,cgrewc7@addtoany.com,Male,213.41.53.131
441,Miguela,Jeandet,mjeandetc8@adobe.com,Female,70.142.58.14
442,Cecil,Wordley,cwordleyc9@eepurl.com,Female,62.159.9.59
443,Vin,Pauletto,vpaulettoca@posterous.com,Non-binary,44.36.248.215
444,Nestor,Lukasen,nlukasencb@berkeley.edu,Male,127.62.221.238
445,Mona,Hambrick,mhambrickcc@java.com,Female,175.24.197.32
446,Madel,Rawlin,mrawlincd@jimdo.com,Female,15.7.102.153
447,Eba,MacMaster,emacmasterce@desdev.cn,Female,174.173.109.121
448,Elizabeth,Grieveson,egrievesoncf@cnn.com,Female,113.214.75.188
449,Godard,Cropp,gcroppcg@gnu.org,Male,150.106.133.181
450,Emmet,Janjic,ejanjicch@jiathis.com,Male,108.32.192.222
451,Selia,Aylward,saylwardci@bing.com,Female,213.80.139.99
452,Garnette,Strewther,gstrewthercj@meetup.com,Female,71.14.51.115
453,Marsiella,Croy,mcroyck@dropbox.com,Female,133.28.13.70
454,Geralda,Mollon,gmolloncl@hhs.gov,Female,236.189.188.246
455,Velvet,Wentworth,vwentworthcm@yale.edu,Female,38.62.177.230
456,Zoe,Maggill'Andreis,zmaggillandreiscn@walmart.com,Female,16.228.232.102
457,Charissa,Geelan,cgeelanco@admin.ch,Female,193.190.119.194
458,Rozina,Bewsy,rbewsycp@phpbb.com,Female,241.46.138.87
459,Nadeen,Bateman,nbatemancq@dailymotion.com,Female,31.189.70.173
460,Gerhard,Capaldi,gcapaldicr@patch.com,Male,198.178.203.139
461,Magdalena,McCay,mmccaycs@flavors.me,Female,4.29.91.239
462,Chiarra,Bruffell,cbruffellct@meetup.com,Female,253.62.11.87
463,Ronald,Brew,rbrewcu@ebay.co.uk,Male,83.31.115.118
464,Ruth,Westoll,rwestollcv@elpais.com,Female,164.34.84.218
465,Rurik,Weekly,rweeklycw@edublogs.org,Male,238.253.52.212
466,Jammal,Tidgewell,jtidgewellcx@harvard.edu,Male,88.55.84.198
467,Ina,Hazell,ihazellcy@1688.com,Female,15.108.134.45
468,Hewitt,Ambrogetti,hambrogetticz@tmall.com,Male,120.216.133.152
469,Blair,Tuiller,btuillerd0@dell.com,Female,57.103.116.18
470,April,Pargent,apargentd1@odnoklassniki.ru,Female,123.104.176.60
471,Gerhardt,Creswell,gcreswelld2@youku.com,Male,207.19.190.218
472,Gui,O'Doherty,godohertyd3@bloglovin.com,Female,122.178.146.232
473,Hettie,Donlon,hdonlond4@china.com.cn,Female,254.128.208.162
474,Giacomo,Woehler,gwoehlerd5@stanford.edu,Male,46.168.235.104
475,Tyrone,Devennie,tdevennied6@reddit.com,Male,255.25.99.85
476,Faber,Hubball,fhubballd7@sakura.ne.jp,Male,117.147.221.23
477,Haskell,Shipcott,hshipcottd8@usatoday.com,Agender,137.56.92.225
478,Dirk,Fosbraey,dfosbraeyd9@histats.com,Male,91.208.36.108
479,Caralie,Flowith,cflowithda@yolasite.com,Female,67.107.81.60
480,Kynthia,Pentecost,kpentecostdb@soundcloud.com,Female,82.198.224.238
481,Joleen,Birkenhead,jbirkenheaddc@lulu.com,Genderqueer,189.255.15.223
482,Dru,Salling,dsallingdd@mtv.com,Male,53.27.174.211
483,Quinta,Ingerith,qingerithde@goo.ne.jp,Female,112.190.100.47
484,Lucius,Dureden,lduredendf@zimbio.com,Male,98.41.192.30
485,Star,Vanini,svaninidg@hubpages.com,Female,45.139.70.1
486,Hector,Hills,hhillsdh@nba.com,Male,254.243.233.13
487,Pinchas,Greenstreet,pgreenstreetdi@w3.org,Male,222.0.145.97
488,Clerkclaude,Patel,cpateldj@nhs.uk,Male,94.226.26.122
489,Garreth,Honisch,ghonischdk@4shared.com,Male,66.238.1.79
490,Dori,Kettles,dkettlesdl@spotify.com,Non-binary,238.75.152.3
491,Davin,Berka,dberkadm@taobao.com,Male,217.146.72.50
492,Silas,Hudspeth,shudspethdn@scribd.com,Male,47.120.148.78
493,Ranna,Edelman,redelmando@independent.co.uk,Female,124.211.226.254
494,Myrta,Matussow,mmatussowdp@eepurl.com,Female,179.180.93.156
495,Judon,Treweke,jtrewekedq@amazon.co.jp,Male,238.42.235.154
496,Paige,Casbolt,pcasboltdr@sina.com.cn,Female,192.73.33.38
497,Wash,Taudevin,wtaudevinds@msn.com,Male,208.74.65.85
498,Guido,Brewin,gbrewindt@creativecommons.org,Male,240.165.85.97
499,Marna,Bretton,mbrettondu@friendfeed.com,Bigender,120.243.240.42
500,Sonni,Camplin,scamplindv@behance.net,Female,243.110.90.67
501,Vivyan,Swabey,vswabeydw@etsy.com,Female,157.100.134.67
502,Shadow,Hospital,shospitaldx@zdnet.com,Male,49.69.22.214
503,Vicky,Gracewood,vgracewooddy@about.com,Female,113.118.43.39
504,Reidar,Chamley,rchamleydz@gnu.org,Male,13.66.181.84
505,Linn,Mackett,lmackette0@de.vu,Genderqueer,121.41.131.127
506,Reece,Ghioni,rghionie1@independent.co.uk,Male,199.119.191.164
507,Jehu,Bradder,jbraddere2@apache.org,Male,41.212.25.159
508,Kristoforo,Leggitt,kleggitte3@printfriendly.com,Male,102.234.149.177
509,Bar,Clibbery,bclibberye4@nih.gov,Male,8.7.120.75
510,Elyn,Bigby,ebigbye5@soundcloud.com,Female,213.159.12.92
511,Efren,Larrington,elarringtone6@bing.com,Bigender,89.17.214.181
512,Joye,Mapledoore,jmapledooree7@behance.net,Female,35.162.50.30
513,Leola,Yankishin,lyankishine8@naver.com,Female,193.196.87.63
514,Gage,Marguerite,gmargueritee9@examiner.com,Male,166.61.12.122
515,Bellanca,Matlock,bmatlockea@earthlink.net,Female,168.45.196.120
516,Carrissa,Pabelik,cpabelikeb@cpanel.net,Female,246.80.146.130
517,Toiboid,Hyland,thylandec@surveymonkey.com,Male,141.89.226.17
518,Elianora,End,eended@google.pl,Female,78.90.39.233
519,Hi,Ratray,hratrayee@pbs.org,Male,58.146.78.86
520,Jasen,Rieger,jriegeref@cdbaby.com,Male,225.229.75.73
521,Donnie,Whitebread,dwhitebreadeg@tmall.com,Genderqueer,62.133.227.169
522,Aurelia,Boyton,aboytoneh@discovery.com,Female,125.94.98.58
523,Fernande,Jobson,fjobsonei@feedburner.com,Bigender,191.216.153.26
524,Lona,Fanning,lfanningej@w3.org,Female,95.205.119.120
525,Tracie,Philbrook,tphilbrookek@de.vu,Male,78.99.173.114
526,Jarid,Coltart,jcoltartel@bing.com,Male,181.117.60.120
527,Jonas,Hanwright,jhanwrightem@merriam-webster.com,Male,84.137.95.218
528,Frasquito,Lerer,flereren@nifty.com,Male,99.49.186.193
529,Korney,Robottham,krobotthameo@w3.org,Female,32.26.44.220
530,Marinna,Hourihan,mhourihanep@parallels.com,Female,6.133.58.21
531,Maxwell,Idle,midleeq@paginegialle.it,Male,12.207.187.25
532,Whitney,Moscrop,wmoscroper@gravatar.com,Male,255.188.219.44
533,Carney,Pharro,cpharroes@furl.net,Male,79.3.190.165
534,Kimberly,Brissard,kbrissardet@msn.com,Female,244.160.198.185
535,Tracy,Antonnikov,tantonnikoveu@ustream.tv,Male,194.92.237.19
536,Free,Scheu,fscheuev@sfgate.com,Male,132.125.43.219
537,Alyss,Joly,ajolyew@apache.org,Female,162.134.54.20
538,Trixie,Milverton,tmilvertonex@princeton.edu,Female,119.218.202.64
539,Purcell,Felix,pfelixey@pen.io,Male,85.82.114.90
540,Noami,Halgarth,nhalgarthez@dot.gov,Female,101.133.26.110
541,Taffy,Innocent,tinnocentf0@tinypic.com,Female,93.152.72.150
542,Kipp,Baskett,kbaskettf1@bloglines.com,Female,244.156.220.247
543,Lolly,Angell,langellf2@reddit.com,Female,197.232.162.52
544,Baillie,Hinchon,bhinchonf3@europa.eu,Male,109.131.141.76
545,Ruggiero,D'Errico,rderricof4@dyndns.org,Male,106.130.166.239
546,Berget,McGilroy,bmcgilroyf5@photobucket.com,Female,4.214.124.13
547,Cosetta,Paraman,cparamanf6@state.gov,Female,148.165.35.244
548,Glyn,Killeley,gkilleleyf7@aboutads.info,Female,70.182.174.38
549,Addie,Melrose,amelrosef8@ft.com,Male,84.201.26.193
550,Marchall,Mulvaney,mmulvaneyf9@sphinn.com,Male,58.247.91.105
551,Crichton,Jozwiak,cjozwiakfa@bloomberg.com,Male,221.232.110.180
552,Barrie,Blackney,bblackneyfb@webmd.com,Male,136.96.177.209
553,Mirilla,Scholard,mscholardfc@independent.co.uk,Female,113.211.206.6
554,Fabio,O'Toole,fotoolefd@surveymonkey.com,Male,129.145.145.164
555,Ingmar,McRonald,imcronaldfe@google.cn,Male,61.246.30.196
556,Junia,Krimmer,jkrimmerff@aboutads.info,Female,149.85.190.170
557,Teddie,Roskam,troskamfg@about.com,Male,20.228.18.179
558,Rachel,Dhillon,rdhillonfh@storify.com,Genderqueer,247.223.75.147
559,Darill,Learmouth,dlearmouthfi@mapquest.com,Male,137.64.4.157
560,Vina,Swigg,vswiggfj@hud.gov,Female,172.20.218.203
561,Gery,Gianullo,ggianullofk@youtube.com,Male,224.244.164.251
562,Damon,Euston,deustonfl@weather.com,Male,44.108.101.219
563,Margot,Gracey,mgraceyfm@cbc.ca,Female,192.189.150.52
564,Goddard,Skule,gskulefn@cbc.ca,Genderfluid,203.133.210.231
565,Peirce,Troppmann,ptroppmannfo@tiny.cc,Male,197.155.219.136
566,Daphne,Stannard,dstannardfp@e-recht24.de,Female,97.165.30.144
567,Dietrich,Saurat,dsauratfq@phpbb.com,Male,178.54.216.2
568,Ranique,Byneth,rbynethfr@tiny.cc,Female,62.28.227.8
569,Nettie,Rolfini,nrolfinifs@rakuten.co.jp,Female,229.133.7.151
570,Carleen,Gillis,cgillisft@goo.gl,Female,191.220.53.126
571,Salmon,Goford,sgofordfu@drupal.org,Male,63.100.136.51
572,Jamie,Hadingham,jhadinghamfv@cyberchimps.com,Female,134.28.172.4
573,Granger,Bolgar,gbolgarfw@furl.net,Male,234.111.220.71
574,Chastity,McCrachen,cmccrachenfx@discovery.com,Female,52.207.218.216
575,Tildy,Burgoin,tburgoinfy@ameblo.jp,Female,39.234.225.101
576,Rafe,Phillipson,rphillipsonfz@webnode.com,Male,191.17.118.138
577,Avictor,Drews,adrewsg0@google.de,Male,123.136.122.172
578,Paulina,Cuningham,pcuninghamg1@xrea.com,Female,171.227.246.230
579,Banky,Coyle,bcoyleg2@trellian.com,Male,96.231.136.53
580,Dona,Barz,dbarzg3@hp.com,Female,222.67.68.52
581,Carine,Criag,ccriagg4@theglobeandmail.com,Genderqueer,15.13.96.198
582,Oralia,Sesons,osesonsg5@fc2.com,Female,4.255.249.36
583,Tabb,Muzzillo,tmuzzillog6@blogtalkradio.com,Male,177.171.250.180
584,Blanch,Craigg,bcraiggg7@ox.ac.uk,Female,212.211.129.189
585,Pablo,Tayler,ptaylerg8@sourceforge.net,Male,215.217.241.241
586,Vernor,Spensley,vspensleyg9@plala.or.jp,Male,34.171.207.241
587,Padgett,Mitrovic,pmitrovicga@google.nl,Male,85.24.212.200
588,Martie,Leveret,mleveretgb@cyberchimps.com,Male,95.143.217.203
589,Elinor,Meighan,emeighangc@bloomberg.com,Female,205.181.73.250
590,Rodrique,Anselmi,ranselmigd@ft.com,Male,153.93.253.107
591,Dagny,Grzeszczyk,dgrzeszczykge@wufoo.com,Male,228.81.131.132
592,Evelina,Chiswell,echiswellgf@storify.com,Non-binary,180.42.210.161
593,Dina,Geoghegan,dgeoghegangg@livejournal.com,Genderqueer,37.144.128.254
594,Norina,Senett,nsenettgh@mtv.com,Female,120.21.8.49
595,Kristoffer,Mouan,kmouangi@newsvine.com,Agender,26.48.205.58
596,Blaire,Peatt,bpeattgj@gov.uk,Non-binary,103.40.91.155
597,Layla,Orto,lortogk@kickstarter.com,Female,249.220.116.83
598,Annabell,Lenox,alenoxgl@tuttocitta.it,Female,25.137.121.152
599,Silvester,Cescoti,scescotigm@dot.gov,Male,147.18.88.122
600,Eldin,D'Aulby,edaulbygn@rediff.com,Male,22.82.76.236
601,Debee,Phettis,dphettisgo@goodreads.com,Female,4.66.101.117
602,Seward,Orton,sortongp@unesco.org,Male,194.146.31.12
603,Drucie,Jehu,djehugq@msu.edu,Female,142.17.34.3
604,Beaufort,Astles,bastlesgr@shinystat.com,Male,23.135.186.219
605,Filide,Redhole,fredholegs@feedburner.com,Female,17.208.68.113
606,Lucille,Baptie,lbaptiegt@scribd.com,Female,43.191.102.99
607,Marlowe,Jaggli,mjaggligu@shutterfly.com,Male,141.225.93.201
608,Cindie,Veal,cvealgv@dailymail.co.uk,Female,202.50.48.135
609,Lewes,Roussel,lrousselgw@mashable.com,Male,88.24.79.141
610,Jennie,Slot,jslotgx@google.de,Female,131.164.231.129
611,Mandie,Sammes,msammesgy@4shared.com,Female,130.44.12.64
612,Nanette,Kernell,nkernellgz@msu.edu,Female,123.13.253.25
613,Ross,Landall,rlandallh0@bing.com,Bigender,84.227.116.117
614,Shana,Gomez,sgomezh1@foxnews.com,Female,36.223.115.210
615,Eartha,McAirt,emcairth2@nps.gov,Female,93.127.67.123
616,Sioux,Hughman,shughmanh3@scribd.com,Female,223.33.52.116
617,Virge,Ducham,vduchamh4@ycombinator.com,Male,14.33.196.159
618,Murielle,Twyning,mtwyningh5@alibaba.com,Female,242.129.201.135
619,Effie,Vlies,evliesh6@fc2.com,Female,189.226.174.219
620,Silvester,Livings,slivingsh7@miitbeian.gov.cn,Male,223.37.213.170
621,Frank,Rawsthorn,frawsthornh8@rambler.ru,Non-binary,157.228.164.198
622,Vinny,Whiles,vwhilesh9@nationalgeographic.com,Female,57.242.84.107
623,Jedd,Georgel,jgeorgelha@indiegogo.com,Male,208.116.22.220
624,Gwenni,Lamprecht,glamprechthb@cornell.edu,Female,133.6.134.232
625,Shurwood,Segebrecht,ssegebrechthc@livejournal.com,Male,252.151.24.232
626,Kerrie,Galway,kgalwayhd@blogtalkradio.com,Bigender,241.61.110.125
627,Borg,Hanning,bhanninghe@360.cn,Male,210.180.123.7
628,Ximenez,Divall,xdivallhf@gizmodo.com,Male,251.117.211.30
629,Netty,McGovern,nmcgovernhg@cbc.ca,Female,132.115.143.145
630,Hildagard,Rottery,hrotteryhh@simplemachines.org,Female,239.239.171.197
631,Dugald,Harvey,dharveyhi@theguardian.com,Male,89.235.196.2
632,Frannie,Dimitrov,fdimitrovhj@altervista.org,Female,68.223.7.226
633,Helen,Garms,hgarmshk@biglobe.ne.jp,Female,187.238.247.38
634,Raffaello,Bamford,rbamfordhl@eventbrite.com,Male,246.48.128.245
635,Geoffrey,Theyer,gtheyerhm@ft.com,Male,216.35.254.157
636,Major,Antonin,mantoninhn@blogspot.com,Male,86.228.206.248
637,Bekki,Cheesworth,bcheesworthho@washingtonpost.com,Female,12.78.87.37
638,Audrey,Courtliff,acourtliffhp@skyrock.com,Female,104.153.31.212
639,Henry,Reveley,hreveleyhq@latimes.com,Male,165.106.73.31
640,Casie,Alps,calpshr@economist.com,Female,8.229.120.224
641,Rawley,Shiel,rshielhs@networkadvertising.org,Male,145.33.16.127
642,Celestina,Sansome,csansomeht@sogou.com,Female,142.56.51.155
643,Genny,Joost,gjoosthu@hhs.gov,Female,112.79.80.158
644,Andras,Schlagh,aschlaghhv@mac.com,Male,44.228.141.128
645,Blondy,Dunkerly,bdunkerlyhw@bravesites.com,Non-binary,235.152.233.2
646,Garry,Looney,glooneyhx@mlb.com,Male,164.216.174.15
647,Creight,Sawter,csawterhy@mapquest.com,Male,247.86.253.40
648,Bernette,Nutman,bnutmanhz@wunderground.com,Non-binary,124.196.23.202
649,Bonnie,Bundock,bbundocki0@census.gov,Female,124.175.229.116
650,Norma,Breton,nbretoni1@smugmug.com,Female,9.51.0.124
651,Silvia,Dolman,sdolmani2@blogspot.com,Genderqueer,84.42.187.66
652,Adela,Longea,alongeai3@state.gov,Female,238.52.99.59
653,Ennis,Bifield,ebifieldi4@oakley.com,Male,239.43.131.151
654,Darcy,Balding,dbaldingi5@ftc.gov,Male,69.126.181.217
655,Mitchael,Blumer,mblumeri6@baidu.com,Male,72.111.233.80
656,Bab,Cattrell,bcattrelli7@flavors.me,Female,126.15.142.172
657,Codi,Bohea,cboheai8@bluehost.com,Female,16.88.187.8
658,Taylor,Muzzollo,tmuzzolloi9@ifeng.com,Male,209.179.73.220
659,Hanna,Jellis,hjellisia@dedecms.com,Female,91.55.144.46
660,Megan,Hof,mhofib@cdbaby.com,Female,58.117.36.173
661,Adrienne,Ramalho,aramalhoic@columbia.edu,Female,90.208.230.93
662,Jinny,Saxby,jsaxbyid@state.gov,Female,95.93.229.159
663,Helene,Widdocks,hwiddocksie@cocolog-nifty.com,Female,231.70.174.48
664,Nathanael,Beatty,nbeattyif@baidu.com,Male,37.122.90.173
665,Lian,Riehm,lriehmig@nymag.com,Agender,164.113.64.183
666,Jase,O'Lenechan,jolenechanih@timesonline.co.uk,Male,23.46.207.14
667,Mommy,McConnell,mmcconnellii@topsy.com,Female,32.69.152.119
668,Doroteya,Godsafe,dgodsafeij@ucoz.com,Female,28.3.128.42
669,Ricard,Ingliby,ringlibyik@livejournal.com,Male,106.231.188.85
670,Armand,Badby,abadbyil@instagram.com,Male,42.213.68.181
671,Sebastian,McVaugh,smcvaughim@flavors.me,Male,176.179.2.185
672,Jessee,Vondrach,jvondrachin@loc.gov,Male,202.209.128.155
673,Kendall,Tebbet,ktebbetio@ebay.co.uk,Male,113.189.205.251
674,Francene,Palphreyman,fpalphreymanip@twitter.com,Agender,210.19.49.25
675,Gael,Maffione,gmaffioneiq@usatoday.com,Female,226.180.92.72
676,Keefer,Staves,kstavesir@bbc.co.uk,Male,55.79.79.5
677,Georgeanne,Fryatt,gfryattis@latimes.com,Female,14.134.97.1
678,Ann-marie,Eglington,aeglingtonit@cdbaby.com,Female,155.150.216.215
679,Graig,Elby,gelbyiu@netscape.com,Male,58.203.212.246
680,Cathy,Hugnet,chugnetiv@vkontakte.ru,Female,144.147.70.152
681,Jared,Finding,jfindingiw@adobe.com,Male,55.228.97.213
682,Gerald,Coneau,gconeauix@blogs.com,Male,31.134.1.40
683,Aimil,Chevin,acheviniy@plala.or.jp,Female,81.114.45.15
684,Yoko,Lacaze,ylacazeiz@vkontakte.ru,Female,20.19.135.102
685,Iosep,Sterling,isterlingj0@omniture.com,Male,84.163.103.11
686,Koo,Scrimgeour,kscrimgeourj1@vimeo.com,Genderqueer,106.192.183.18
687,Gerri,Orcott,gorcottj2@examiner.com,Female,17.69.109.52
688,Inez,Kitchingham,ikitchinghamj3@timesonline.co.uk,Female,18.132.32.42
689,Candice,Tite,ctitej4@tripadvisor.com,Female,169.160.136.22
690,Ed,Dedenham,ededenhamj5@bandcamp.com,Male,95.67.30.123
691,Lillis,Hazeldene,lhazeldenej6@facebook.com,Female,133.83.19.213
692,Mignonne,McCowen,mmccowenj7@ebay.com,Female,13.101.5.178
693,Shayna,Simonato,ssimonatoj8@sciencedaily.com,Female,54.167.228.44
694,Kesley,Biddles,kbiddlesj9@livejournal.com,Female,39.237.217.69
695,Madelena,Lindermann,mlindermannja@photobucket.com,Female,91.158.114.6
696,Walther,Howford,whowfordjb@time.com,Male,232.130.148.154
697,Dore,Myles,dmylesjc@uiuc.edu,Male,145.25.193.252
698,Pembroke,Najera,pnajerajd@webeden.co.uk,Male,93.160.79.95
699,Sanderson,Le Guin,sleguinje@163.com,Male,204.131.68.189
700,Bondy,Burchatt,bburchattjf@shareasale.com,Male,50.109.56.107
701,Pat,Prover,pproverjg@technorati.com,Male,20.215.49.6
702,Octavius,Pearsey,opearseyjh@cyberchimps.com,Male,18.247.229.3
703,Melba,Etherington,metheringtonji@cdc.gov,Female,83.110.235.73
704,Danila,Andreev,dandreevjj@boston.com,Female,61.74.228.136
705,Cad,Craigie,ccraigiejk@wordpress.com,Male,83.233.173.160
706,Willetta,Silvermann,wsilvermannjl@msn.com,Female,166.197.168.204
707,Fulton,Vecard,fvecardjm@skyrock.com,Male,142.74.95.153
708,Emylee,Biles,ebilesjn@scientificamerican.com,Female,220.195.126.9
709,Novelia,Matuschek,nmatuschekjo@washington.edu,Female,250.175.217.12
710,Rob,Repp,rreppjp@illinois.edu,Male,139.232.246.52
711,Goran,Shilladay,gshilladayjq@squarespace.com,Male,252.238.127.250
712,Bondon,Plett,bplettjr@prweb.com,Male,74.250.87.137
713,Audrey,Ausiello,aausiellojs@cbc.ca,Female,66.188.128.164
714,Alexandro,Plan,aplanjt@bravesites.com,Genderfluid,242.124.137.251
715,Thomasa,Triggel,ttriggelju@cyberchimps.com,Female,15.147.68.51
716,Alma,Prentice,aprenticejv@theatlantic.com,Female,199.111.253.60
717,Jillie,Mulrean,jmulreanjw@parallels.com,Female,145.169.161.4
718,Stirling,Matthesius,smatthesiusjx@cisco.com,Male,142.32.103.80
719,Corey,Ambridge,cambridgejy@oracle.com,Male,147.35.189.212
720,Laina,Preto,lpretojz@examiner.com,Genderfluid,23.201.230.89
721,Grantham,Twell,gtwellk0@live.com,Male,247.221.150.216
722,Jessalin,Valerius,jvaleriusk1@diigo.com,Female,98.152.21.236
723,Marve,MacCafferty,mmaccaffertyk2@statcounter.com,Male,20.15.140.237
724,Roscoe,Goadsby,rgoadsbyk3@twitpic.com,Male,81.158.210.249
725,Mufinella,de Courcy,mdecourcyk4@scientificamerican.com,Female,228.8.165.224
726,Carolynn,Harriott,charriottk5@shutterfly.com,Female,179.87.150.247
727,Karena,Cato,kcatok6@gov.uk,Female,217.67.2.132
728,Travers,Dumingos,tdumingosk7@unc.edu,Male,229.197.54.149
729,Danila,McGenis,dmcgenisk8@guardian.co.uk,Female,218.181.129.253
730,Omero,Bealton,obealtonk9@wikimedia.org,Male,223.156.97.29
731,Fey,Vogl,fvoglka@usda.gov,Female,65.59.208.63
732,Ernst,Arnaudet,earnaudetkb@gizmodo.com,Male,84.46.183.136
733,Hugibert,Creany,hcreanykc@washingtonpost.com,Male,94.251.116.64
734,Griffith,Lorincz,glorinczkd@yellowpages.com,Male,112.31.244.158
735,Thayne,Romney,tromneyke@yellowpages.com,Male,219.238.254.190
736,Loren,Halley,lhalleykf@ihg.com,Bigender,169.74.141.158
737,Leyla,Terney,lterneykg@nhs.uk,Female,216.98.22.221
738,Marlowe,Venneur,mvenneurkh@jiathis.com,Male,75.85.144.130
739,Claretta,Beevors,cbeevorski@jugem.jp,Female,158.138.118.178
740,Carlyle,Degoix,cdegoixkj@squidoo.com,Male,96.27.131.64
741,Mendy,Ladbrooke,mladbrookekk@opensource.org,Male,112.133.196.93
742,Lezlie,MacCleay,lmaccleaykl@flickr.com,Female,203.10.174.41
743,Ferrel,Hainey,fhaineykm@washingtonpost.com,Male,129.198.235.200
744,Kikelia,Syred,ksyredkn@xrea.com,Female,16.222.32.63
745,Michaella,Hasely,mhaselyko@bigcartel.com,Bigender,158.119.48.110
746,Albertine,Coulling,acoullingkp@reuters.com,Female,124.88.41.89
747,Wald,Tyndall,wtyndallkq@nytimes.com,Male,226.130.213.172
748,Abbye,Sabie,asabiekr@51.la,Female,18.128.49.239
749,Brandy,Retallack,bretallackks@cnet.com,Female,192.38.2.12
750,Wallas,Pitcock,wpitcockkt@examiner.com,Male,37.253.51.7
751,Kiley,Tinsley,ktinsleyku@sina.com.cn,Female,59.82.124.237
752,Mickey,Dorricott,mdorricottkv@goodreads.com,Male,239.45.241.143
753,Mariel,Sanderson,msandersonkw@opensource.org,Female,10.74.0.88
754,Tiffi,Asker,taskerkx@gnu.org,Female,207.158.139.158
755,Bale,Defond,bdefondky@tuttocitta.it,Male,109.135.45.40
756,Tomaso,Walster,twalsterkz@cnbc.com,Male,159.231.124.120
757,Minne,Ritchman,mritchmanl0@pinterest.com,Female,120.186.193.208
758,Inger,Dulin,idulinl1@huffingtonpost.com,Male,229.237.222.154
759,Linnell,Patience,lpatiencel2@prnewswire.com,Female,160.207.198.119
760,Romy,Brandel,rbrandell3@eepurl.com,Female,20.116.94.7
761,Gerald,Le Blanc,gleblancl4@toplist.cz,Male,16.208.77.138
762,Tristam,McMains,tmcmainsl5@google.com.au,Male,226.16.67.34
763,Ruttger,Nutkin,rnutkinl6@wiley.com,Male,49.102.48.246
764,Dyanne,Dignum,ddignuml7@theglobeandmail.com,Female,116.84.13.219
765,Dulcinea,Bulcock,dbulcockl8@fotki.com,Female,8.124.172.92
766,Emyle,Corinton,ecorintonl9@google.de,Female,173.206.104.205
767,Farrel,Quinby,fquinbyla@tamu.edu,Bigender,235.100.92.84
768,Audie,Faivre,afaivrelb@google.com.br,Female,133.206.240.167
769,Shel,Woonton,swoontonlc@wiley.com,Female,176.70.86.47
770,Elmer,Abbison,eabbisonld@foxnews.com,Male,217.142.85.174
771,Concettina,Mundle,cmundlele@123-reg.co.uk,Bigender,168.145.219.43
772,Jeni,Livesey,jliveseylf@so-net.ne.jp,Female,154.203.118.37
773,Gianni,Panas,gpanaslg@shutterfly.com,Male,243.70.107.141
774,Cassey,Fitzgerald,cfitzgeraldlh@cbslocal.com,Female,186.59.240.88
775,Todd,Tingey,ttingeyli@purevolume.com,Male,161.240.226.131
776,Annie,Lorriman,alorrimanlj@cafepress.com,Female,128.91.143.104
777,Ilario,Kunzelmann,ikunzelmannlk@tinyurl.com,Male,76.238.26.59
778,Gordie,Marchenko,gmarchenkoll@deliciousdays.com,Male,102.224.46.194
779,Allyn,Witcherley,awitcherleylm@sogou.com,Male,190.158.55.50
780,Ilse,Snare,isnareln@ustream.tv,Female,74.95.168.86
781,Tracie,Trueman,ttruemanlo@163.com,Male,145.176.53.250
782,Hermione,Hassewell,hhassewelllp@ucoz.ru,Non-binary,11.180.187.231
783,Sophey,Stebbings,sstebbingslq@123-reg.co.uk,Female,138.253.110.170
784,Forrest,Getten,fgettenlr@list-manage.com,Male,94.220.191.158
785,Justis,Pistol,jpistolls@washingtonpost.com,Male,54.220.153.60
786,Winthrop,McLugish,wmclugishlt@google.com,Male,27.37.3.5
787,Patrizia,Olyonov,polyonovlu@chron.com,Female,73.231.114.132
788,Hugh,Copnell,hcopnelllv@people.com.cn,Male,96.108.243.182
789,Alfred,Bugden,abugdenlw@yandex.ru,Male,38.165.203.48
790,Christal,Mountjoy,cmountjoylx@usgs.gov,Female,143.189.63.76
791,Dell,Klauer,dklauerly@elegantthemes.com,Female,249.67.29.59
792,Faith,Langham,flanghamlz@prlog.org,Female,141.161.191.136
793,Veronica,Oldcroft,voldcroftm0@hugedomains.com,Female,177.88.162.1
794,Nickie,Dulinty,ndulintym1@php.net,Genderqueer,225.49.19.140
795,Jobey,Ballantine,jballantinem2@blog.com,Female,252.64.111.228
796,Rogerio,Kynforth,rkynforthm3@sciencedaily.com,Male,57.66.155.121
797,Dolf,Konerding,dkonerdingm4@reverbnation.com,Male,94.220.172.23
798,Angie,Brewett,abrewettm5@google.it,Female,155.127.239.84
799,Janene,Duesberry,jduesberrym6@privacy.gov.au,Female,184.149.127.119
800,Cyril,Baudry,cbaudrym7@uiuc.edu,Male,190.33.69.212
801,Rafaellle,Lamond,rlamondm8@china.com.cn,Male,27.150.46.74
802,Virgie,Cornforth,vcornforthm9@opera.com,Female,163.69.104.59
803,Elinore,Proswell,eproswellma@amazon.com,Female,178.182.72.90
804,Galina,Fridlington,gfridlingtonmb@technorati.com,Female,126.104.152.172
805,Allsun,Kingscott,akingscottmc@theatlantic.com,Genderqueer,15.211.69.201
806,Maye,Bartleet,mbartleetmd@symantec.com,Female,55.213.147.87
807,Darryl,Collyer,dcollyerme@a8.net,Male,73.191.177.123
808,Ephraim,Bacon,ebaconmf@wiley.com,Male,142.130.103.253
809,Dael,Binder,dbindermg@bloomberg.com,Female,85.62.78.231
810,Rozina,Goskar,rgoskarmh@google.com.au,Female,173.241.212.19
811,Jayne,Epinay,jepinaymi@indiegogo.com,Female,73.16.53.16
812,Peta,Rounce,prouncemj@myspace.com,Female,90.36.104.15
813,Skippie,Gresswood,sgresswoodmk@tripadvisor.com,Male,239.239.69.218
814,Elizabet,Strelitzer,estrelitzerml@vistaprint.com,Female,219.192.65.76
815,Mortie,Issacof,missacofmm@gizmodo.com,Male,193.78.129.38
816,Kaleb,Porch,kporchmn@google.es,Male,107.128.149.243
817,Gradey,Iacovuzzi,giacovuzzimo@e-recht24.de,Male,96.74.37.37
818,Angele,Igonet,aigonetmp@exblog.jp,Female,52.184.89.201
819,Iorgo,Lermouth,ilermouthmq@pagesperso-orange.fr,Male,21.189.48.49
820,Bevan,Kuhnke,bkuhnkemr@springer.com,Male,243.147.30.91
821,Georgiana,Summerbell,gsummerbellms@soundcloud.com,Female,22.36.80.102
822,Travus,Harvison,tharvisonmt@wp.com,Male,31.174.79.96
823,Arabella,Maidlow,amaidlowmu@abc.net.au,Non-binary,247.188.107.173
824,Jodi,Bahike,jbahikemv@nymag.com,Female,15.66.236.140
825,Phoebe,Greenhill,pgreenhillmw@devhub.com,Agender,238.72.166.76
826,Erie,Langeley,elangeleymx@prnewswire.com,Male,239.103.54.0
827,Gustave,Grumley,ggrumleymy@hp.com,Male,100.218.212.96
828,Paddie,Boot,pbootmz@dmoz.org,Male,12.16.142.245
829,Winifield,Sumshon,wsumshonn0@washington.edu,Male,20.255.186.194
830,Kean,McGaughey,kmcgaugheyn1@un.org,Male,176.4.90.43
831,Marven,Tokell,mtokelln2@ucoz.com,Male,132.92.52.177
832,Justinian,Kaemena,jkaemenan3@hp.com,Male,239.6.58.71
833,Brook,Tarquini,btarquinin4@lycos.com,Female,151.236.222.251
834,Jaymie,Prestage,jprestagen5@goodreads.com,Male,51.74.17.1
835,Shane,Berston,sberstonn6@liveinternet.ru,Female,83.208.217.34
836,Bo,Jenk,bjenkn7@miibeian.gov.cn,Male,106.238.13.181
837,Thorstein,Rothwell,trothwelln8@creativecommons.org,Male,242.38.251.10
838,Ximenes,Shrubsall,xshrubsalln9@myspace.com,Male,6.214.216.61
839,Alaric,Angus,aangusna@columbia.edu,Male,105.172.110.97
840,Alisun,Genge,agengenb@woothemes.com,Female,223.251.248.3
841,Jobina,Cust,jcustnc@jimdo.com,Polygender,95.85.6.166
842,Quentin,Goodram,qgoodramnd@dyndns.org,Female,254.131.115.242
843,Birgit,Tickel,btickelne@rediff.com,Female,195.96.179.80
844,Clementina,Sunter,csunternf@blinklist.com,Agender,9.97.99.183
845,Pippy,Lansdown,plansdownng@discuz.net,Female,132.131.54.12
846,Clemente,Cords,ccordsnh@sbwire.com,Male,42.24.140.188
847,Wade,Habin,whabinni@goodreads.com,Male,36.63.76.76
848,Dinah,Decourt,ddecourtnj@ow.ly,Female,152.116.211.12
849,Bartram,Dean,bdeannk@theatlantic.com,Male,243.177.104.87
850,Ketti,Beckwith,kbeckwithnl@usda.gov,Female,194.22.28.54
851,Farr,Seedman,fseedmannm@google.cn,Male,8.189.1.96
852,Caprice,Mac Giolla Pheadair,cmacgiollapheadairnn@vk.com,Female,126.100.169.77
853,Robbert,Ardy,rardyno@nytimes.com,Male,156.153.254.244
854,Tabina,Cicchetto,tcicchettonp@live.com,Female,125.22.253.0
855,Dan,Oguz,doguznq@exblog.jp,Male,163.56.187.105
856,Wilbur,Heathcoat,wheathcoatnr@hao123.com,Male,138.140.86.13
857,Toiboid,Timbrell,ttimbrellns@disqus.com,Male,138.104.87.129
858,Abagael,Worsnip,aworsnipnt@time.com,Female,143.117.56.22
859,Silvio,Lerhinan,slerhinannu@webeden.co.uk,Male,151.53.140.131
860,Tobie,Waycott,twaycottnv@moonfruit.com,Male,107.221.158.95
861,Portie,Brantl,pbrantlnw@economist.com,Male,14.194.155.129
862,Clare,Meharg,cmehargnx@phpbb.com,Male,164.128.132.238
863,Shepard,Colliss,scollissny@meetup.com,Male,93.147.181.2
864,Heriberto,Wadlow,hwadlownz@elegantthemes.com,Male,27.1.179.146
865,Cynthie,Foker,cfokero0@alexa.com,Female,59.237.89.70
866,Eddie,De'Vere - Hunt,edeverehunto1@walmart.com,Non-binary,64.54.78.60
867,Benn,Passion,bpassiono2@wired.com,Male,20.88.98.170
868,Hedvig,Folcarelli,hfolcarellio3@yandex.ru,Female,25.139.230.140
869,Teresa,Farquar,tfarquaro4@uol.com.br,Female,149.200.146.64
870,Hernando,Llewhellin,hllewhellino5@unesco.org,Male,124.164.139.244
871,Arabela,Merryman,amerrymano6@ucsd.edu,Female,55.61.121.150
872,Ingamar,Jewel,ijewelo7@moonfruit.com,Male,142.76.107.133
873,Carmel,Daenen,cdaeneno8@dropbox.com,Female,24.99.114.149
874,Nikolaos,Gurge,ngurgeo9@imageshack.us,Male,172.176.86.149
875,Claudia,Vigrass,cvigrassoa@feedburner.com,Bigender,94.25.220.207
876,Mathias,Berriball,mberriballob@zdnet.com,Male,149.71.31.69
877,Robinson,Winskill,rwinskilloc@reference.com,Male,21.215.243.160
878,Kinny,Tibald,ktibaldod@scientificamerican.com,Male,89.225.79.164
879,Goddart,Edden,geddenoe@spotify.com,Male,95.138.20.151
880,Dorie,Swanbourne,dswanbourneof@csmonitor.com,Female,100.20.223.69
881,Terrijo,MacNab,tmacnabog@icq.com,Female,127.148.40.162
882,Leandra,Steabler,lsteableroh@home.pl,Agender,232.8.85.128
883,Yevette,Jeanenet,yjeanenetoi@nydailynews.com,Female,186.120.122.23
884,Lovell,Reims,lreimsoj@flickr.com,Male,75.5.50.3
885,Nappie,Windress,nwindressok@amazon.de,Non-binary,25.234.185.52
886,Bondon,Livesey,bliveseyol@gravatar.com,Male,100.76.185.49
887,Jo-anne,D'Aulby,jdaulbyom@eepurl.com,Female,33.109.21.30
888,Terrell,Clubley,tclubleyon@hud.gov,Polygender,128.26.128.230
889,Sandi,Fouracres,sfouracresoo@cbc.ca,Female,74.70.233.140
890,Jojo,Costa,jcostaop@jigsy.com,Female,255.65.30.131
891,Janela,Stanbra,jstanbraoq@dell.com,Female,74.1.165.195
892,Rick,Samter,rsamteror@freewebs.com,Male,153.124.217.126
893,Kala,Chamberlayne,kchamberlayneos@zdnet.com,Female,232.206.254.108
894,Bentlee,Cunniffe,bcunniffeot@acquirethisname.com,Male,184.119.19.128
895,Darby,Pailin,dpailinou@scribd.com,Male,216.88.177.33
896,Vassily,Ough,voughov@engadget.com,Male,11.162.77.12
897,Tasia,Burton,tburtonow@trellian.com,Female,85.95.193.159
898,Avrit,Symones,asymonesox@forbes.com,Female,18.209.182.156
899,Alyosha,Cauldwell,acauldwelloy@kickstarter.com,Male,219.179.2.246
900,Peterus,Camden,pcamdenoz@google.fr,Male,133.181.85.20
901,Ross,Mays,rmaysp0@chronoengine.com,Male,237.228.248.192
902,Christal,Fryers,cfryersp1@google.it,Female,99.20.68.97
903,Phaidra,Shrubshall,pshrubshallp2@vk.com,Female,218.116.195.206
904,Aldo,Pegden,apegdenp3@imageshack.us,Male,111.121.209.144
905,Shannan,Renols,srenolsp4@technorati.com,Male,125.246.38.27
906,Brenna,Guterson,bgutersonp5@salon.com,Female,88.117.125.64
907,Ernestine,Isabell,eisabellp6@google.pl,Female,97.244.132.170
908,Clint,Delepine,cdelepinep7@auda.org.au,Male,226.52.60.55
909,Lynnette,Hush,lhushp8@webs.com,Female,119.226.110.43
910,Ferdinande,Whelband,fwhelbandp9@taobao.com,Female,100.138.35.94
911,Nicol,Auld,nauldpa@fda.gov,Female,14.98.126.219
912,Sven,Josephson,sjosephsonpb@huffingtonpost.com,Male,187.157.76.217
913,Latashia,Duffin,lduffinpc@unc.edu,Female,106.139.47.27
914,Jerald,Aleksashin,jaleksashinpd@opera.com,Male,194.88.8.89
915,Irena,De Zuani,idezuanipe@meetup.com,Female,249.44.219.33
916,Abram,Merrilees,amerrileespf@nhs.uk,Genderqueer,132.61.152.196
917,Sandy,Mixer,smixerpg@omniture.com,Male,220.220.96.111
918,Isadore,Berndtsson,iberndtssonph@theguardian.com,Male,13.197.29.235
919,Fredi,Choak,fchoakpi@ed.gov,Non-binary,67.218.136.74
920,Chrysa,Fray,cfraypj@thetimes.co.uk,Female,64.4.115.106
921,Neale,Jacobs,njacobspk@rediff.com,Male,92.249.201.18
922,Kent,Crutchley,kcrutchleypl@ocn.ne.jp,Male,59.123.214.214
923,Alexa,Dossantos,adossantospm@deliciousdays.com,Female,96.171.216.75
924,Idelle,Verrell,iverrellpn@cmu.edu,Female,35.72.248.197
925,Benedikt,Dutnell,bdutnellpo@wikipedia.org,Male,138.167.72.1
926,Giselbert,Raisher,graisherpp@altervista.org,Male,57.164.104.123
927,Alvin,Pallas,apallaspq@ftc.gov,Male,144.223.99.119
928,Bron,Arnaudet,barnaudetpr@toplist.cz,Male,240.19.239.192
929,Olympie,Goldring,ogoldringps@github.io,Female,46.122.225.136
930,Allegra,Suddaby,asuddabypt@baidu.com,Female,210.85.26.83
931,Opaline,Fernier,ofernierpu@deviantart.com,Female,32.212.213.253
932,Kerby,Goslin,kgoslinpv@tamu.edu,Non-binary,71.15.202.243
933,Arlina,Lantaff,alantaffpw@bloomberg.com,Female,52.218.86.185
934,Rafaello,Colleton,rcolletonpx@tripadvisor.com,Male,28.228.177.71
935,Gilles,Hakonsson,ghakonssonpy@upenn.edu,Male,41.19.75.9
936,Law,Iorio,lioriopz@sbwire.com,Male,251.44.182.188
937,Esmeralda,Kalinsky,ekalinskyq0@cocolog-nifty.com,Female,217.241.184.148
938,Johny,Bootes,jbootesq1@icq.com,Male,90.21.237.130
939,Nadiya,Leyes,nleyesq2@desdev.cn,Female,18.232.239.0
940,Carlos,Wollers,cwollersq3@people.com.cn,Male,65.253.249.8
941,Findley,Galbreath,fgalbreathq4@edublogs.org,Bigender,253.228.168.188
942,Travers,Baroche,tbarocheq5@google.it,Male,198.86.236.116
943,Sutton,Feeney,sfeeneyq6@cisco.com,Male,74.193.87.113
944,Madge,Lujan,mlujanq7@weibo.com,Female,38.250.145.244
945,Fleming,Martonfi,fmartonfiq8@abc.net.au,Male,193.215.14.12
946,Markus,Arnecke,marneckeq9@comsenz.com,Male,47.67.59.143
947,Vernon,Stanley,vstanleyqa@godaddy.com,Male,11.7.243.199
948,Catriona,Akitt,cakittqb@marriott.com,Female,30.174.252.209
949,Hercule,Lynnett,hlynnettqc@booking.com,Male,174.61.141.54
950,Almira,Frany,afranyqd@bloglines.com,Polygender,226.210.64.20
951,Dacie,Peet,dpeetqe@google.ca,Female,118.153.125.149
952,Celeste,Izat,cizatqf@nasa.gov,Female,21.73.202.125
953,Cherin,Battersby,cbattersbyqg@pbs.org,Female,115.20.187.5
954,Paquito,Kibbe,pkibbeqh@example.com,Male,237.128.87.169
955,Cacilia,Montford,cmontfordqi@elpais.com,Genderfluid,100.147.223.19
956,Loren,Game,lgameqj@flavors.me,Female,195.68.108.241
957,Faunie,Ewenson,fewensonqk@tinyurl.com,Female,109.99.213.48
958,Stewart,Goodayle,sgoodayleql@eepurl.com,Male,87.41.17.121
959,Eleonore,Ketchell,eketchellqm@artisteer.com,Female,36.144.44.119
960,Brianne,Hanselmann,bhanselmannqn@constantcontact.com,Female,79.19.234.10
961,Mendel,Mathias,mmathiasqo@europa.eu,Non-binary,93.42.179.75
962,Nonie,Maciejewski,nmaciejewskiqp@accuweather.com,Female,116.77.247.51
963,Angela,Henlon,ahenlonqq@tumblr.com,Female,121.207.108.102
964,Franklyn,Brigham,fbrighamqr@networkadvertising.org,Male,144.75.4.124
965,Anson,Lowy,alowyqs@imageshack.us,Male,84.108.31.43
966,Aime,Trengrouse,atrengrouseqt@123-reg.co.uk,Female,207.49.13.143
967,Estelle,Pellissier,epellissierqu@issuu.com,Female,61.107.247.48
968,Dalston,Siegertsz,dsiegertszqv@google.it,Agender,121.226.141.44
969,Charity,Stawell,cstawellqw@e-recht24.de,Female,147.163.19.239
970,Julia,Svanetti,jsvanettiqx@cnn.com,Female,231.113.167.172
971,Stevy,Dorking,sdorkingqy@creativecommons.org,Male,206.5.76.154
972,Fawn,Beveridge,fbeveridgeqz@joomla.org,Polygender,199.48.112.105
973,Jade,Fould,jfouldr0@china.com.cn,Female,126.254.54.219
974,Kara,Ogilvy,kogilvyr1@hc360.com,Female,48.190.100.121
975,Lydon,Zamora,lzamorar2@theguardian.com,Non-binary,82.0.47.200
976,Lari,Nutton,lnuttonr3@linkedin.com,Female,47.149.135.66
977,Bradan,Purser,bpurserr4@a8.net,Male,144.36.153.125
978,Emmalyn,Pursglove,epursglover5@timesonline.co.uk,Female,122.95.31.108
979,Cesare,Jamblin,cjamblinr6@addtoany.com,Male,137.166.63.50
980,Anastasie,Geroldo,ageroldor7@tripod.com,Female,39.61.219.87
981,Isaak,Chippin,ichippinr8@icq.com,Male,121.169.196.100
982,Margie,Effaunt,meffauntr9@amazonaws.com,Non-binary,50.101.74.234
983,Fayette,O'Rafferty,foraffertyra@aol.com,Female,81.200.118.109
984,Melloney,Parsall,mparsallrb@skyrock.com,Female,248.175.89.221
985,Mordy,Fearnyough,mfearnyoughrc@behance.net,Genderqueer,179.78.14.14
986,Rance,Clough,rcloughrd@angelfire.com,Male,1.143.81.49
987,Gan,Kimber,gkimberre@skype.com,Polygender,82.89.125.150
988,Flss,MacGiffin,fmacgiffinrf@google.com.br,Female,85.50.37.184
989,Annecorinne,Bursnoll,abursnollrg@google.com.au,Female,6.14.179.192
990,Humphrey,Potts,hpottsrh@dagondesign.com,Male,182.57.13.210
991,Lucila,Raphael,lraphaelri@infoseek.co.jp,Female,111.45.16.72
992,Alex,O'Sculley,aosculleyrj@studiopress.com,Female,140.20.210.246
993,Lennard,Suffield,lsuffieldrk@facebook.com,Male,166.47.95.2
994,Nedi,Lapthorne,nlapthornerl@businessinsider.com,Female,225.209.53.98
995,Erik,Stares,estaresrm@msn.com,Male,248.44.208.163
996,Elladine,Sidlow,esidlowrn@gravatar.com,Genderfluid,44.221.162.204
997,Antone,Hasslocher,ahasslocherro@china.com.cn,Male,183.141.229.0
998,Emmit,Normanvill,enormanvillrp@quantcast.com,Male,241.129.44.105
999,Brandice,Pomery,bpomeryrq@google.co.uk,Female,95.245.8.171
1000,Merla,Mattaus,mmattausrr@4shared.com,Female,159.170.9.225
