id,first_name,last_name,email,gender,ip_address
1,Trudy,Force,tforce0@nba.com,Female,240.184.44.46
2,Lin,Greenway,lgreenway1@last.fm,Male,153.76.229.187
3,Gail,Paulou,gpaulou2@shop-pro.jp,Female,225.77.242.71
4,Evangelia,Balser,ebalser3@discuz.net,Female,36.158.228.23
5,Dottie,Leneham,dleneham4@seattletimes.com,Female,202.104.50.153
6,Edgardo,Sturridge,esturridge5@webeden.co.uk,Male,99.61.205.79
7,Worden,Botten,wbotten6@sun.com,Male,153.7.168.213
8,Vivyan,Bestiman,vbestiman7@flavors.me,Genderqueer,73.56.5.239
9,Berta,Drinkel,bdrinkel8@wikispaces.com,Female,2.108.231.223
10,Pincus,Gritsunov,pgritsunov9@utexas.edu,Male,184.39.27.208
11,Quincy,Martine,qmartinea@dyndns.org,Male,198.11.80.29
12,Rollie,Dowty,rdowtyb@blogspot.com,Male,117.213.31.81
13,Olivier,Sawbridge,osawbridgec@cdc.gov,Male,255.120.26.11
14,Ricki,Clark,rclarkd@artisteer.com,Bigender,107.92.7.151
15,Coraline,Lello,clelloe@spiegel.de,Female,124.203.127.150
16,Elayne,Smolan,esmolanf@dmoz.org,Female,107.170.104.72
17,Kathryne,Jacobovitch,kjacobovitchg@printfriendly.com,Genderqueer,0.166.224.215
18,Bridie,Lamperti,blampertih@dagondesign.com,Female,8.157.57.42
19,James,Domelow,jdomelowi@tmall.com,Male,74.44.0.4
20,Barbie,Keen,bkeenj@goo.gl,Female,240.55.179.10
21,Annaliese,Gilham,agilhamk@nsw.gov.au,Female,176.211.166.136
22,Ester,Sherrocks,esherrocksl@addthis.com,Female,213.208.76.235
23,Eli,Winkless,ewinklessm@oakley.com,Male,228.42.208.38
24,Gennifer,Bradford,gbradfordn@nature.com,Female,50.247.191.195
25,Bibbie,Garbott,bgarbotto@cisco.com,Female,18.118.21.24
26,Ludvig,Looney,llooneyp@geocities.jp,Male,94.121.244.164
27,Hasty,Shakesby,hshakesbyq@dion.ne.jp,Genderqueer,227.19.203.198
28,Louella,Daouze,ldaouzer@thetimes.co.uk,Female,86.163.222.110
29,Roanna,Carbonell,rcarbonells@forbes.com,Female,106.93.5.66
30,Cully,Galey,cgaleyt@mtv.com,Male,223.7.229.235
31,Thaddeus,Sudddard,tsudddardu@umich.edu,Male,125.66.203.135
32,Staci,Normadell,snormadellv@feedburner.com,Bigender,213.155.243.180
33,Gaspard,Masi,gmasiw@seattletimes.com,Male,252.237.57.224
34,Ogden,Toynbee,otoynbeex@purevolume.com,Male,199.104.139.250
35,Matti,Beadel,mbeadely@spiegel.de,Genderqueer,202.123.72.80
36,Sibley,Underdown,sunderdownz@scientificamerican.com,Female,218.167.212.112
37,Gerhardine,Dotson,gdotson10@state.tx.us,Female,96.90.40.213
38,Crista,Olive,colive11@mail.ru,Female,183.79.192.21
39,Jarrad,Beale,jbeale12@upenn.edu,Male,134.142.138.76
40,Dirk,Chace,dchace13@examiner.com,Male,191.215.129.60
41,Jerrilee,Torr,jtorr14@jigsy.com,Female,123.174.229.170
42,Christian,Chadburn,cchadburn15@shop-pro.jp,Female,62.220.111.22
43,Percival,Wards,pwards16@4shared.com,Male,39.200.0.117
44,Rickie,Pouton,rpouton17@ezinearticles.com,Female,67.158.9.31
45,Susana,Wraggs,swraggs18@symantec.com,Bigender,253.99.165.204
46,Karly,Albone,kalbone19@vkontakte.ru,Female,239.178.178.136
47,Chico,Penright,cpenright1a@dmoz.org,Male,185.119.229.205
48,Barrie,Colcomb,bcolcomb1b@archive.org,Female,47.90.135.103
49,Jana,Maidens,jmaidens1c@arizona.edu,Female,113.96.200.243
50,Pepillo,de Chastelain,pdechastelain1d@constantcontact.com,Male,29.202.21.39
51,Ario,Passion,apassion1e@lycos.com,Male,211.45.127.165
52,Claudina,Barthelmes,cbarthelmes1f@java.com,Female,143.234.135.15
53,Jasun,Downse,jdownse1g@bloglovin.com,Male,103.123.17.17
54,Brady,Chastney,bchastney1h@utexas.edu,Male,174.35.244.58
55,Fred,Lowth,flowth1i@parallels.com,Male,75.223.83.140
56,Wat,Pirri,wpirri1j@wordpress.org,Male,186.92.98.246
57,Abey,Retchless,aretchless1k@chronoengine.com,Male,73.54.143.118
58,Rickard,Brecknall,rbrecknall1l@symantec.com,Male,12.56.8.205
59,Brier,Joynes,bjoynes1m@elpais.com,Female,73.81.85.91
60,Lillis,McCurdy,lmccurdy1n@behance.net,Female,94.242.25.231
61,Danice,Disman,ddisman1o@msu.edu,Female,105.10.68.252
62,Reinold,McPharlain,rmcpharlain1p@constantcontact.com,Polygender,97.51.12.44
63,Teena,Gurney,tgurney1q@ox.ac.uk,Female,53.248.77.235
64,Jaquenette,Theuff,jtheuff1r@bluehost.com,Female,109.147.60.246
65,Ossie,Malletratt,omalletratt1s@nymag.com,Male,123.133.115.48
66,Bobby,Emerine,bemerine1t@prweb.com,Polygender,157.132.243.185
67,Cleavland,Cranson,ccranson1u@businessweek.com,Male,67.57.102.79
68,Aila,Bown,abown1v@fc2.com,Female,106.91.30.175
69,Koren,Collisson,kcollisson1w@youtu.be,Female,172.88.50.39
70,Meg,Greson,mgreson1x@jimdo.com,Female,8.22.159.193
71,Leonora,Tart,ltart1y@cam.ac.uk,Female,98.139.12.225
72,Dillie,Rudland,drudland1z@oakley.com,Male,56.200.215.141
73,Jodi,Raiston,jraiston20@indiegogo.com,Male,170.169.113.192
74,Delaney,Klesse,dklesse21@tinypic.com,Bigender,190.252.182.87
75,Nickolas,Kermode,nkermode22@over-blog.com,Male,3.103.65.144
76,Tristam,Willavoys,twillavoys23@purevolume.com,Male,197.98.167.52
77,Roland,Goody,rgoody24@barnesandnoble.com,Male,226.130.51.32
78,Joaquin,Bushen,jbushen25@nba.com,Male,144.34.33.28
79,Marion,Abad,mabad26@nifty.com,Male,19.200.137.186
80,Brande,Goodyer,bgoodyer27@ovh.net,Agender,166.203.4.61
81,Paolo,Doley,pdoley28@livejournal.com,Male,162.212.27.242
82,Cassey,Hubbocks,chubbocks29@bbc.co.uk,Female,23.39.247.60
83,Raimundo,Clemencon,rclemencon2a@sfgate.com,Genderfluid,197.34.188.128
84,Carmelle,Norcliffe,cnorcliffe2b@newsvine.com,Female,98.137.17.54
85,Billie,Matushevitz,bmatushevitz2c@hatena.ne.jp,Male,201.220.51.243
86,Rouvin,Klaes,rklaes2d@cnbc.com,Male,38.106.173.77
87,Darnell,Dymick,ddymick2e@msu.edu,Male,67.195.37.195
88,Stephen,Mitchell,smitchell2f@ucoz.com,Agender,68.180.214.50
89,Elinore,Middell,emiddell2g@shop-pro.jp,Female,57.142.46.106
90,Carlynn,Barley,cbarley2h@barnesandnoble.com,Female,88.95.100.165
91,Sileas,Maingot,smaingot2i@discovery.com,Agender,86.114.214.101
92,Holly-anne,McBrady,hmcbrady2j@chronoengine.com,Female,197.17.44.88
93,Joe,Surgood,jsurgood2k@blogspot.com,Genderfluid,92.244.88.228
94,Forbes,Peinton,fpeinton2l@technorati.com,Male,85.241.238.250
95,Homerus,Pavolillo,hpavolillo2m@usa.gov,Genderfluid,74.211.83.217
96,Laraine,Trewett,ltrewett2n@who.int,Female,239.103.88.198
97,Wilden,Douty,wdouty2o@php.net,Male,25.54.201.49
98,Chaunce,Pietzner,cpietzner2p@com.com,Male,113.201.5.137
99,Darbie,Kingcote,dkingcote2q@aboutads.info,Genderqueer,161.176.180.199
100,Clarence,Lowthorpe,clowthorpe2r@de.vu,Male,123.104.2.163
101,Dwight,Malicki,dmalicki2s@lycos.com,Male,178.181.51.54
102,Roma,Greasley,rgreasley2t@wikimedia.org,Male,164.95.239.31
103,Mable,Norridge,mnorridge2u@tumblr.com,Genderfluid,170.7.153.15
104,Maurice,Keuntje,mkeuntje2v@mapquest.com,Male,150.73.86.65
105,Carlyle,Swin,cswin2w@theglobeandmail.com,Male,193.231.224.231
106,Cayla,Pawel,cpawel2x@hibu.com,Female,53.6.138.24
107,Alissa,Shortin,ashortin2y@cocolog-nifty.com,Female,146.190.86.70
108,Jeremias,Kearle,jkearle2z@goo.ne.jp,Male,2.1.33.165
109,Candace,Smythin,csmythin30@jigsy.com,Female,152.13.112.124
110,Ebeneser,Davison,edavison31@rambler.ru,Male,69.88.254.50
111,Sally,Juris,sjuris32@plala.or.jp,Female,107.220.187.189
112,Oberon,Carmo,ocarmo33@eepurl.com,Male,114.203.177.57
113,Gabi,Treadger,gtreadger34@harvard.edu,Male,46.82.208.149
114,Morgana,Darte,mdarte35@issuu.com,Female,78.88.189.87
115,Willy,Denziloe,wdenziloe36@woothemes.com,Male,52.191.233.24
116,Mayer,Jedrys,mjedrys37@stanford.edu,Bigender,22.170.31.56
117,Alair,Rawlence,arawlence38@noaa.gov,Male,217.99.116.204
118,Hoyt,Towriss,htowriss39@nydailynews.com,Male,39.111.204.146
119,Ranna,Rousel,rrousel3a@posterous.com,Female,205.173.29.160
120,Viole,Diggens,vdiggens3b@census.gov,Female,151.207.136.192
121,Alisha,Benton,abenton3c@si.edu,Genderqueer,216.102.143.157
122,Anderson,Cram,acram3d@nbcnews.com,Male,74.148.238.189
123,Pearl,Pitcaithly,ppitcaithly3e@friendfeed.com,Female,11.238.221.195
124,Felita,Placidi,fplacidi3f@clickbank.net,Agender,79.84.85.232
125,Bernadina,Babbage,bbabbage3g@ucoz.com,Female,87.53.54.142
126,Tailor,Jerg,tjerg3h@deliciousdays.com,Male,228.119.110.212
127,Rockie,Tiner,rtiner3i@google.com.br,Male,166.185.89.197
128,Tawnya,Benzies,tbenzies3j@joomla.org,Female,194.162.147.74
129,Muhammad,Le Barr,mlebarr3k@opera.com,Male,189.201.195.37
130,Lorant,Nordass,lnordass3l@amazonaws.com,Male,219.147.48.136
131,Myrta,Colly,mcolly3m@usa.gov,Female,96.225.173.185
132,Veda,Trollope,vtrollope3n@posterous.com,Female,244.245.175.180
133,Bernelle,Riddell,briddell3o@twitter.com,Female,31.249.86.45
134,Carita,Slamaker,cslamaker3p@opera.com,Female,38.132.179.60
135,Tildie,Halloran,thalloran3q@google.com.br,Female,68.137.185.114
136,Staffard,Zuanelli,szuanelli3r@xinhuanet.com,Male,189.106.23.132
137,Barby,Chisnall,bchisnall3s@newyorker.com,Agender,224.8.62.125
138,Reinold,Gauford,rgauford3t@merriam-webster.com,Male,170.224.252.170
139,Andrew,Valenti,avalenti3u@sogou.com,Male,41.130.214.31
140,Dennie,Pasticznyk,dpasticznyk3v@woothemes.com,Female,90.99.86.38
141,Saunderson,Gerrill,sgerrill3w@dion.ne.jp,Male,247.200.79.143
142,Tiena,Nordass,tnordass3x@nbcnews.com,Female,126.15.68.89
143,Cross,Christon,cchriston3y@reverbnation.com,Genderfluid,20.147.183.255
144,Christie,Chazier,cchazier3z@state.tx.us,Female,72.37.203.208
145,Norma,Orrobin,norrobin40@nasa.gov,Female,70.110.85.73
146,Margaux,Haruard,mharuard41@home.pl,Female,186.214.148.193
147,Harwilll,Gores,hgores42@globo.com,Male,8.17.114.204
148,Nadya,Wickrath,nwickrath43@bbb.org,Female,170.254.135.134
149,Carlina,Gyrgorwicx,cgyrgorwicx44@ca.gov,Female,116.247.153.135
150,Otis,Cescon,ocescon45@sbwire.com,Non-binary,200.84.38.26
151,Gelya,Britch,gbritch46@wsj.com,Female,51.43.240.167
152,Vi,Wellard,vwellard47@prlog.org,Female,95.156.74.184
153,Quincey,Ellick,qellick48@ocn.ne.jp,Male,37.198.57.140
154,Codie,Goulbourn,cgoulbourn49@ca.gov,Agender,235.240.218.194
155,Weylin,Delort,wdelort4a@github.io,Male,201.244.180.117
156,Clim,Musicka,cmusicka4b@diigo.com,Male,32.72.179.107
157,Donnell,Bartelet,dbartelet4c@hexun.com,Male,123.48.3.147
158,Pearce,Schimpke,pschimpke4d@deliciousdays.com,Male,112.83.190.79
159,Carmita,Savoury,csavoury4e@salon.com,Non-binary,238.136.11.138
160,Isiahi,Foye,ifoye4f@goo.gl,Male,33.48.251.193
161,Danette,Lucchi,dlucchi4g@disqus.com,Female,173.143.207.13
162,Corty,Jossum,cjossum4h@shutterfly.com,Male,41.99.208.77
163,Buiron,Dobie,bdobie4i@sourceforge.net,Male,17.255.181.43
164,Karolina,Kerford,kkerford4j@whitehouse.gov,Female,197.145.7.240
165,Rebe,Keningham,rkeningham4k@a8.net,Female,125.138.140.189
166,Christye,McGruar,cmcgruar4l@springer.com,Female,197.140.120.252
167,Clarissa,Stockney,cstockney4m@infoseek.co.jp,Female,160.135.70.84
168,Lucila,Barnham,lbarnham4n@theguardian.com,Female,40.13.11.23
169,Kamila,Fraanchyonok,kfraanchyonok4o@elegantthemes.com,Female,163.71.209.183
170,Arnuad,Houldcroft,ahouldcroft4p@sbwire.com,Male,40.190.49.14
171,Sidonnie,Breede,sbreede4q@bloomberg.com,Female,1.109.187.128
172,Yanaton,Frotton,yfrotton4r@cisco.com,Male,207.216.51.67
173,Roxanne,Burdytt,rburdytt4s@rambler.ru,Female,205.46.14.77
174,Cullie,O'Dwyer,codwyer4t@tmall.com,Male,183.252.28.112
175,Hetty,Balint,hbalint4u@csmonitor.com,Female,67.101.172.250
176,Zelda,Gardiner,zgardiner4v@java.com,Female,182.59.153.74
177,Lorain,Gounod,lgounod4w@google.com,Female,207.98.85.5
178,Sybila,Stedell,sstedell4x@examiner.com,Female,194.64.76.171
179,Dela,Stathor,dstathor4y@cbslocal.com,Female,36.175.126.95
180,Beniamino,Prewett,bprewett4z@bing.com,Male,70.0.244.179
181,Caresa,Godlip,cgodlip50@tiny.cc,Female,166.218.235.244
182,Letizia,Cud,lcud51@wikipedia.org,Female,106.95.168.0
183,Midge,Spadeck,mspadeck52@prweb.com,Female,52.116.31.40
184,Fiann,Menichelli,fmenichelli53@geocities.com,Female,182.186.250.35
185,Alexandre,Seaward,aseaward54@xinhuanet.com,Male,10.119.128.255
186,Chase,Bangley,cbangley55@mit.edu,Male,253.244.154.20
187,Sven,Brunstan,sbrunstan56@webeden.co.uk,Male,164.133.132.50
188,Andrew,Toyer,atoyer57@baidu.com,Male,63.12.108.132
189,Avictor,Musto,amusto58@unc.edu,Male,42.185.149.97
190,Enrika,Kendle,ekendle59@1688.com,Female,172.194.192.221
191,Dody,de Copeman,ddecopeman5a@flickr.com,Genderfluid,187.226.183.110
192,Merna,McComish,mmccomish5b@archive.org,Female,61.19.203.115
193,Aubree,Tregust,atregust5c@upenn.edu,Female,193.103.238.80
194,Aveline,Matussow,amatussow5d@accuweather.com,Female,84.245.194.121
195,Bambie,Skeleton,bskeleton5e@phpbb.com,Female,197.143.165.232
196,Reiko,Goodlatt,rgoodlatt5f@kickstarter.com,Non-binary,80.182.92.111
197,Megan,Schoolfield,mschoolfield5g@ebay.com,Non-binary,130.212.91.18
198,Arleen,Learmonth,alearmonth5h@discuz.net,Female,134.46.140.59
199,Wolf,Blacklidge,wblacklidge5i@liveinternet.ru,Male,8.133.106.251
200,Basil,Klimshuk,bklimshuk5j@gov.uk,Male,249.138.117.213
201,Todd,Minchinton,tminchinton5k@cnn.com,Male,68.245.246.2
202,Friedrich,Flinn,fflinn5l@list-manage.com,Male,83.227.62.118
203,Shannan,Sarsfield,ssarsfield5m@oakley.com,Male,130.124.96.239
204,Jeanine,Mcasparan,jmcasparan5n@home.pl,Female,17.57.111.195
205,Linn,Middlehurst,lmiddlehurst5o@omniture.com,Female,190.13.10.111
206,Corby,Ghelardi,cghelardi5p@geocities.com,Male,51.11.190.88
207,Susy,Richten,srichten5q@fc2.com,Agender,251.187.33.57
208,Pavla,Ivanenkov,pivanenkov5r@eepurl.com,Female,200.137.215.34
209,Min,Thornham,mthornham5s@vkontakte.ru,Female,244.166.243.107
210,Magnum,Andrews,mandrews5t@miitbeian.gov.cn,Male,172.205.115.22
211,Rosette,Oloshin,roloshin5u@goo.gl,Female,144.209.189.248
212,Tony,Pitcher,tpitcher5v@facebook.com,Male,108.36.197.200
213,Fernande,Ryal,fryal5w@shareasale.com,Female,52.108.79.188
214,Rebeka,Bruyet,rbruyet5x@tumblr.com,Female,176.0.28.163
215,Horten,Le Fevre,hlefevre5y@smugmug.com,Male,121.120.166.44
216,Trumaine,Blay,tblay5z@phoca.cz,Male,153.217.185.151
217,Darren,Marley,dmarley60@webs.com,Male,37.154.25.172
218,Devonna,Leggen,dleggen61@ebay.co.uk,Female,192.21.224.125
219,Karlene,Totton,ktotton62@list-manage.com,Female,243.145.99.79
220,Evonne,Domel,edomel63@github.io,Female,121.204.154.110
221,Kass,Tuohy,ktuohy64@webeden.co.uk,Female,196.125.79.127
222,Parrnell,Hounsom,phounsom65@yellowbook.com,Male,7.188.35.7
223,Rriocard,Phettiplace,rphettiplace66@bloglines.com,Male,124.43.143.101
224,Clementius,Bosma,cbosma67@samsung.com,Male,117.182.62.209
225,Kayla,Cumberbatch,kcumberbatch68@zimbio.com,Non-binary,66.124.120.109
226,Fremont,Mityukov,fmityukov69@phoca.cz,Male,21.47.188.43
227,Becki,Malby,bmalby6a@ning.com,Genderqueer,27.181.185.133
228,Raynell,Wybron,rwybron6b@xinhuanet.com,Female,119.133.83.58
229,Lou,Ick,lick6c@istockphoto.com,Male,219.162.125.16
230,Spence,Jon,sjon6d@timesonline.co.uk,Male,148.43.87.166
231,Elwyn,Bonner,ebonner6e@cbc.ca,Male,111.25.28.135
232,Kaycee,Carstairs,kcarstairs6f@aol.com,Female,100.253.32.205
233,Nicolette,Petriello,npetriello6g@mail.ru,Female,195.247.59.249
234,Giffy,Dunderdale,gdunderdale6h@fastcompany.com,Male,236.240.20.0
235,Norbert,McIlroy,nmcilroy6i@patch.com,Male,158.161.81.124
236,Tim,Spalding,tspalding6j@360.cn,Female,233.180.6.88
237,Penny,Cottingham,pcottingham6k@admin.ch,Male,72.151.55.73
238,Linnet,Leighton,lleighton6l@digg.com,Female,183.130.191.26
239,Genevra,Burgisi,gburgisi6m@jigsy.com,Female,106.173.166.63
240,Frazer,O'Lochan,folochan6n@dropbox.com,Male,217.21.98.242
241,Fanny,Billo,fbillo6o@ucoz.com,Female,86.77.85.105
242,Dahlia,Traske,dtraske6p@wordpress.org,Female,129.191.147.180
243,Issie,Brake,ibrake6q@icq.com,Female,137.83.29.181
244,Octavius,Paoloni,opaoloni6r@yelp.com,Male,185.112.141.141
245,Lem,Speake,lspeake6s@cnn.com,Male,106.54.212.31
246,Heinrik,Iianon,hiianon6t@google.co.uk,Male,196.21.81.24
247,Torie,Crowdace,tcrowdace6u@reuters.com,Female,23.114.25.239
248,Alexis,Puve,apuve6v@cbslocal.com,Male,25.86.170.51
249,Carline,Diter,cditer6w@omniture.com,Female,112.64.20.120
250,Celia,Hansill,chansill6x@usgs.gov,Female,169.104.63.150
251,Nickolas,Bulleyn,nbulleyn6y@examiner.com,Male,60.210.134.254
252,Tyrus,Stormonth,tstormonth6z@goo.gl,Polygender,6.245.192.129
253,Aeriel,Cominetti,acominetti70@cisco.com,Female,44.113.86.70
254,Laughton,Denidge,ldenidge71@topsy.com,Male,142.144.19.137
255,Denys,Dunne,ddunne72@soundcloud.com,Female,138.224.165.54
256,Chadwick,MacCleod,cmaccleod73@diigo.com,Male,17.93.108.236
257,Zollie,Barclay,zbarclay74@nyu.edu,Male,195.0.252.125
258,Obadiah,Willcott,owillcott75@gmpg.org,Male,200.159.137.58
259,Marni,Bowles,mbowles76@telegraph.co.uk,Female,157.170.197.50
260,Hyacinthie,Duckit,hduckit77@mac.com,Female,227.62.230.28
261,Clo,Maccrea,cmaccrea78@theatlantic.com,Female,216.187.199.87
262,Caleb,Rollo,crollo79@home.pl,Male,227.184.92.5
263,Delmore,Gwynne,dgwynne7a@yolasite.com,Male,107.128.188.161
264,Arte,Alvarado,aalvarado7b@columbia.edu,Male,26.131.146.167
265,Gertruda,Gunnell,ggunnell7c@cbsnews.com,Female,116.49.60.33
266,Alex,Gadault,agadault7d@cornell.edu,Male,191.50.72.106
267,Rees,Valero,rvalero7e@wiley.com,Male,244.150.206.143
268,Brnaba,Kuhne,bkuhne7f@hc360.com,Male,62.251.7.123
269,Eustacia,O'Neary,eoneary7g@google.pl,Female,115.199.219.19
270,Adrea,Harcus,aharcus7h@vkontakte.ru,Female,174.87.66.110
271,Brnaba,Pawsey,bpawsey7i@xing.com,Male,44.184.194.137
272,Dante,Shore,dshore7j@github.io,Male,172.187.57.22
273,Karleen,Timmins,ktimmins7k@nature.com,Female,113.45.239.51
274,Giffy,Mackstead,gmackstead7l@quantcast.com,Male,118.130.84.104
275,Farah,Thams,fthams7m@usa.gov,Female,102.186.100.152
276,Nevins,Rampage,nrampage7n@dagondesign.com,Genderfluid,235.137.62.53
277,Fae,Kivlehan,fkivlehan7o@vinaora.com,Female,14.97.149.151
278,Roscoe,Cardoso,rcardoso7p@stumbleupon.com,Male,248.49.232.117
279,Peadar,Snyder,psnyder7q@archive.org,Male,174.84.175.238
280,Damara,Dundon,ddundon7r@cdbaby.com,Female,41.99.118.79
281,Care,Blowing,cblowing7s@tamu.edu,Male,251.65.78.40
282,Tabbitha,Wrench,twrench7t@joomla.org,Female,135.43.90.212
283,Elissa,Ham,eham7u@opensource.org,Female,90.18.172.143
284,Devonna,Coye,dcoye7v@moonfruit.com,Female,44.61.136.89
285,Ezri,Guitel,eguitel7w@about.me,Male,202.125.228.214
286,Nada,Castagna,ncastagna7x@yale.edu,Female,76.102.183.92
287,Bennie,Wabe,bwabe7y@ucoz.ru,Male,208.239.45.0
288,Pauly,Hawarden,phawarden7z@bbc.co.uk,Male,65.155.138.56
289,Durand,Baxandall,dbaxandall80@howstuffworks.com,Male,39.239.150.69
290,Odelinda,Matuska,omatuska81@theatlantic.com,Female,17.102.163.86
291,Vina,O'Lynn,volynn82@comcast.net,Female,108.166.156.152
292,Cash,Meak,cmeak83@smh.com.au,Male,232.186.115.128
293,Felicia,Thor,fthor84@de.vu,Female,235.66.45.214
294,Natalya,Daville,ndaville85@example.com,Female,249.3.33.90
295,Casper,Pettyfer,cpettyfer86@ibm.com,Male,144.100.73.122
296,Kitty,Knox,kknox87@1und1.de,Female,46.6.203.83
297,Gardner,Milverton,gmilverton88@tuttocitta.it,Male,125.246.187.0
298,Armando,Burder,aburder89@artisteer.com,Male,200.66.122.209
299,Tasha,Eglise,teglise8a@a8.net,Female,225.53.33.80
300,Wald,Cleobury,wcleobury8b@yolasite.com,Male,27.255.220.108
301,Ariel,Luffman,aluffman8c@intel.com,Female,230.142.59.215
302,Maureene,Bilofsky,mbilofsky8d@yale.edu,Female,222.92.94.43
303,Terza,Mourant,tmourant8e@google.com.hk,Female,217.248.222.241
304,Hildy,Greystoke,hgreystoke8f@vimeo.com,Female,70.180.45.12
305,Davidson,Itzkowicz,ditzkowicz8g@cpanel.net,Male,188.87.216.117
306,Alexina,Till,atill8h@ted.com,Female,234.91.136.134
307,Estella,Elphinston,eelphinston8i@dagondesign.com,Female,44.56.91.170
308,Kingsly,Servante,kservante8j@joomla.org,Male,107.52.11.91
309,Rebecka,Heal,rheal8k@printfriendly.com,Female,118.17.73.71
310,Jakie,Whatsize,jwhatsize8l@senate.gov,Male,75.254.128.42
311,Gerhard,Wiseman,gwiseman8m@yelp.com,Male,78.69.177.168
312,Shanie,Landeg,slandeg8n@amazon.co.jp,Female,173.242.73.6
313,Joanie,Asquez,jasquez8o@unc.edu,Female,18.139.43.239
314,Lanni,Chalfant,lchalfant8p@spiegel.de,Genderfluid,146.246.17.140
315,Walden,Brixey,wbrixey8q@jiathis.com,Male,167.36.85.233
316,Mathilde,Whate,mwhate8r@usatoday.com,Female,183.107.75.77
317,Bette,Hanselman,bhanselman8s@google.fr,Female,243.29.147.75
318,Lorianne,Dinsell,ldinsell8t@fema.gov,Female,48.118.195.188
319,Garry,Poel,gpoel8u@buzzfeed.com,Male,49.81.224.231
320,Elene,Klugman,eklugman8v@youku.com,Female,211.11.211.78
321,Sayers,Tefft,stefft8w@g.co,Agender,49.84.56.206
322,Dede,Giannoni,dgiannoni8x@vk.com,Female,170.108.102.156
323,Daffie,Kinsey,dkinsey8y@dell.com,Female,18.56.237.148
324,Tedi,McNeely,tmcneely8z@163.com,Polygender,166.133.157.25
325,Mary,Paridge,mparidge90@nasa.gov,Female,162.201.200.60
326,Lenci,Haig,lhaig91@1und1.de,Male,58.141.205.162
327,Wakefield,Crews,wcrews92@google.cn,Male,201.159.48.164
328,Jakie,Caught,jcaught93@nbcnews.com,Male,91.42.214.236
329,Rafael,Kennermann,rkennermann94@livejournal.com,Male,181.14.151.197
330,Garrard,Aizikov,gaizikov95@buzzfeed.com,Male,255.127.142.146
331,Nadean,Cowthard,ncowthard96@deliciousdays.com,Female,115.9.163.205
332,Roxanne,Riseam,rriseam97@upenn.edu,Female,183.78.61.220
333,Elwyn,Clementson,eclementson98@ucla.edu,Male,82.109.73.201
334,Gabriello,Tyas,gtyas99@multiply.com,Male,36.158.41.178
335,Marya,Schirok,mschirok9a@bbc.co.uk,Female,85.65.237.218
336,Peri,MacGiffin,pmacgiffin9b@ftc.gov,Female,82.204.220.154
337,Guy,Marner,gmarner9c@com.com,Male,109.92.207.60
338,Konstantine,Martinolli,kmartinolli9d@marriott.com,Male,143.150.128.72
339,Rolando,Bloxholm,rbloxholm9e@tripadvisor.com,Male,180.95.165.92
340,Dun,Le Claire,dleclaire9f@phoca.cz,Male,146.228.71.35
341,Evanne,Barhams,ebarhams9g@hibu.com,Female,183.248.216.204
342,Randy,McAleese,rmcaleese9h@nps.gov,Male,27.70.220.184
343,De witt,McIlmurray,dmcilmurray9i@netlog.com,Male,76.177.158.106
344,Missie,Pendergast,mpendergast9j@europa.eu,Female,138.8.164.191
345,Hadleigh,Recke,hrecke9k@marketwatch.com,Male,36.83.217.250
346,Sergei,Bradbrook,sbradbrook9l@moonfruit.com,Male,230.247.150.19
347,Gracie,Gott,ggott9m@scientificamerican.com,Female,232.134.3.107
348,Virgina,Vautin,vvautin9n@csmonitor.com,Female,152.225.55.2
349,Priscella,Fidell,pfidell9o@msn.com,Female,135.212.76.18
350,Ernestus,Rapaport,erapaport9p@squarespace.com,Male,250.213.138.127
351,Tull,Botcherby,tbotcherby9q@ebay.co.uk,Male,11.82.77.98
352,Leia,Bracer,lbracer9r@nih.gov,Female,22.206.182.40
353,Neda,Jakovijevic,njakovijevic9s@indiatimes.com,Female,168.244.248.154
354,Madlen,Raddish,mraddish9t@rambler.ru,Female,255.43.194.124
355,Felice,Leavens,fleavens9u@un.org,Agender,13.167.89.233
356,Lorenza,Arthy,larthy9v@phoca.cz,Female,220.62.153.195
357,Belia,Makeswell,bmakeswell9w@epa.gov,Female,58.136.149.221
358,Penn,Benedicte,pbenedicte9x@indiegogo.com,Male,87.29.58.116
359,Taite,Borgne,tborgne9y@reverbnation.com,Male,81.177.69.4
360,Arlen,Elliss,aelliss9z@dmoz.org,Male,244.188.67.166
361,Marris,Rizzillo,mrizzilloa0@ftc.gov,Female,206.70.29.245
362,Jordon,Felton,jfeltona1@tripadvisor.com,Male,67.123.124.24
363,Max,Caudrey,mcaudreya2@e-recht24.de,Female,248.32.191.158
364,Judah,Ross,jrossa3@prnewswire.com,Polygender,115.27.7.161
365,Natalya,Coker,ncokera4@shareasale.com,Female,67.108.164.238
366,Lev,Snalom,lsnaloma5@ucla.edu,Male,171.112.145.151
367,Renae,Trahmel,rtrahmela6@smugmug.com,Female,232.249.78.226
368,Ianthe,Mulvagh,imulvagha7@ifeng.com,Female,86.95.184.241
369,Monty,Mileham,mmilehama8@disqus.com,Male,21.31.121.168
370,Chickie,Stallwood,cstallwooda9@deliciousdays.com,Male,121.207.120.221
371,Ami,Illem,aillemaa@gnu.org,Female,125.105.74.191
372,Putnem,Castletine,pcastletineab@ft.com,Male,213.196.69.40
373,Puff,Gotcher,pgotcherac@weibo.com,Male,154.185.74.112
374,Ferrel,Deaton,fdeatonad@irs.gov,Male,209.118.68.153
375,Manon,Malim,mmalimae@diigo.com,Female,77.165.253.218
376,Rowney,Walasik,rwalasikaf@angelfire.com,Male,107.189.70.112
377,Winifield,Kenlin,wkenlinag@domainmarket.com,Male,107.251.234.32
378,Ramonda,Giovani,rgiovaniah@goodreads.com,Female,118.55.88.142
379,Gib,Dabell,gdabellai@seesaa.net,Male,73.33.173.115
380,Anselm,Dykes,adykesaj@wunderground.com,Male,209.213.209.70
381,Carlye,Iacabucci,ciacabucciak@facebook.com,Female,60.172.115.159
382,Drusilla,Rapp,drappal@si.edu,Female,43.54.31.188
383,Michel,Crumby,mcrumbyam@uol.com.br,Female,140.109.36.7
384,Cris,Cuppleditch,ccuppleditchan@msn.com,Male,190.139.57.87
385,Jareb,Janes,jjanesao@tinyurl.com,Male,117.34.58.241
386,Judas,McElhinney,jmcelhinneyap@freewebs.com,Male,184.106.143.42
387,Crysta,Dunkerley,cdunkerleyaq@tinypic.com,Agender,98.167.233.63
388,Cthrine,Malyj,cmalyjar@webs.com,Female,7.14.100.67
389,Alene,Dennehy,adennehyas@blogtalkradio.com,Female,181.243.19.60
390,Dewie,Revans,drevansat@is.gd,Male,240.61.176.144
391,Zaneta,Wells,zwellsau@miitbeian.gov.cn,Female,60.245.63.80
392,Fraze,Wickens,fwickensav@desdev.cn,Genderqueer,1.56.108.10
393,Vivie,Louden,vloudenaw@tinyurl.com,Female,102.194.89.124
394,Dill,Rimmington,drimmingtonax@chron.com,Male,135.63.199.23
395,Dimitri,Eger,degeray@biblegateway.com,Male,231.147.88.134
396,Linn,Offiler,loffileraz@omniture.com,Agender,139.221.59.78
397,Randolph,Lockery,rlockeryb0@skype.com,Male,190.49.0.53
398,Kit,Birmingham,kbirminghamb1@mapquest.com,Polygender,254.175.80.13
399,Wilmer,Bank,wbankb2@howstuffworks.com,Male,168.192.53.29
400,Neysa,Jorden,njordenb3@furl.net,Female,69.252.101.167
401,Fabian,Moffett,fmoffettb4@google.de,Male,197.114.117.10
402,Bennie,Counsell,bcounsellb5@pbs.org,Male,40.240.124.15
403,Yehudi,Oddie,yoddieb6@virginia.edu,Male,36.229.71.96
404,Terrijo,Holtaway,tholtawayb7@bluehost.com,Polygender,51.178.121.85
405,Terri,Goodbur,tgoodburb8@intel.com,Polygender,249.137.22.140
406,Rriocard,Ship,rshipb9@go.com,Male,251.132.244.135
407,Faber,Kretchmer,fkretchmerba@cdbaby.com,Male,216.50.229.199
408,Maryl,Boller,mbollerbb@sitemeter.com,Female,3.17.208.99
409,Sarene,Gary,sgarybc@51.la,Female,177.103.144.23
410,Alexandre,Boncoeur,aboncoeurbd@blinklist.com,Non-binary,30.158.13.74
411,Eden,Lush,elushbe@miibeian.gov.cn,Female,18.246.31.48
412,Janenna,Dinan,jdinanbf@vk.com,Female,82.36.119.218
413,Fernandina,Willisch,fwillischbg@reddit.com,Polygender,40.219.229.184
414,Letty,Harbottle,lharbottlebh@comcast.net,Bigender,132.122.191.181
415,Bancroft,Bille,bbillebi@friendfeed.com,Male,92.219.149.227
416,Wren,Ilive,wilivebj@godaddy.com,Female,19.98.191.34
417,Sheilah,Dudson,sdudsonbk@php.net,Female,189.109.121.66
418,Lane,Hackworthy,lhackworthybl@nbcnews.com,Male,125.159.4.165
419,Harli,Hardes,hhardesbm@over-blog.com,Female,130.188.171.100
420,Dory,Annice,dannicebn@spiegel.de,Male,154.12.118.156
421,Lewie,Mc Faul,lmcfaulbo@privacy.gov.au,Male,191.203.74.187
422,Madeleine,Taillard,mtaillardbp@nymag.com,Female,64.147.101.255
423,Jamie,Tolomio,jtolomiobq@sciencedirect.com,Male,180.243.232.91
424,Galvin,Adamiak,gadamiakbr@engadget.com,Male,84.255.114.146
425,Davis,Ponnsett,dponnsettbs@constantcontact.com,Male,177.114.170.112
426,Kent,Ashlin,kashlinbt@barnesandnoble.com,Male,205.85.168.176
427,Jonas,Pynn,jpynnbu@comcast.net,Male,35.20.28.25
428,My,Cuttin,mcuttinbv@infoseek.co.jp,Male,88.201.139.221
429,Geralda,Lillywhite,glillywhitebw@blogtalkradio.com,Female,19.197.211.38
430,Melonie,Cutler,mcutlerbx@webs.com,Female,27.215.163.156
431,Birgit,Zorzetti,bzorzettiby@amazon.co.uk,Genderqueer,48.145.35.189
432,Mara,Bartolomeotti,mbartolomeottibz@columbia.edu,Female,21.63.141.102
433,Ardenia,Manneville,amannevillec0@cnbc.com,Female,71.111.75.187
434,Teodora,Divver,tdivverc1@symantec.com,Female,96.93.189.6
435,Margery,Toulmin,mtoulminc2@hp.com,Genderfluid,214.152.120.114
436,Langsdon,Butterworth,lbutterworthc3@aboutads.info,Male,234.45.126.136
437,Bert,Payn,bpaync4@fda.gov,Female,99.84.89.243
438,Nari,McLeod,nmcleodc5@t.co,Female,118.152.202.246
439,Moishe,Pioli,mpiolic6@vinaora.com,Male,180.3.30.97
440,Koo,Lowndes,klowndesc7@hp.com,Female,128.9.252.230
441,Sianna,Nulty,snultyc8@blogs.com,Female,57.252.167.110
442,Phylys,Jukubczak,pjukubczakc9@army.mil,Polygender,210.45.69.185
443,Cindy,Miles,cmilesca@unc.edu,Agender,226.35.48.146
444,Marshall,Connah,mconnahcb@ucoz.com,Male,68.2.89.248
445,Briggs,Caress,bcaresscc@ow.ly,Male,0.107.87.101
446,Bryana,Codling,bcodlingcd@google.co.jp,Female,11.193.34.149
447,Tana,Parke,tparkece@nsw.gov.au,Female,13.31.148.38
448,Vonni,Polson,vpolsoncf@yale.edu,Female,118.222.23.18
449,Atlanta,Schruurs,aschruurscg@psu.edu,Female,249.235.165.176
450,Sallyann,Jobbins,sjobbinsch@360.cn,Female,246.7.163.170
451,Farand,Dows,fdowsci@yolasite.com,Agender,180.35.19.254
452,Blythe,Scambler,bscamblercj@about.me,Female,151.197.232.132
453,Birk,Whittlesea,bwhittleseack@google.it,Genderfluid,137.6.5.254
454,Maurie,Dyball,mdyballcl@ucoz.ru,Male,72.47.7.240
455,Alina,Aldiss,aaldisscm@over-blog.com,Female,40.8.38.209
456,Lia,Crowcher,lcrowchercn@state.gov,Female,23.112.109.163
457,Cointon,Burchill,cburchillco@cpanel.net,Male,38.16.3.47
458,Bari,Ropars,broparscp@abc.net.au,Female,23.78.130.251
459,Donovan,Setterthwait,dsetterthwaitcq@earthlink.net,Male,27.18.149.225
460,Hamil,Cobson,hcobsoncr@addtoany.com,Male,210.118.216.255
461,Laurene,Tilte,ltiltecs@netscape.com,Female,216.63.236.196
462,Avictor,Deeble,adeeblect@edublogs.org,Non-binary,114.80.187.217
463,Katya,McGrouther,kmcgrouthercu@wsj.com,Female,99.153.34.75
464,Even,Coghlin,ecoghlincv@telegraph.co.uk,Male,108.46.130.113
465,Andromache,Huzzay,ahuzzaycw@geocities.com,Female,41.25.129.166
466,Carney,Linskill,clinskillcx@microsoft.com,Male,192.135.126.189
467,Jobey,Elmhurst,jelmhurstcy@homestead.com,Female,165.164.210.163
468,Cynthia,Shooter,cshootercz@indiatimes.com,Female,78.91.145.123
469,Jane,Scouller,jscoullerd0@bizjournals.com,Female,42.150.20.36
470,Rosene,Aubry,raubryd1@techcrunch.com,Female,124.6.101.23
471,Lizette,Genney,lgenneyd2@telegraph.co.uk,Female,48.53.98.105
472,Teador,Alps,talpsd3@issuu.com,Male,18.80.152.59
473,Karina,Fawkes,kfawkesd4@usatoday.com,Female,60.93.213.86
474,Sloane,Casemore,scasemored5@pagesperso-orange.fr,Male,210.250.127.229
475,Georg,Hedgeley,ghedgeleyd6@sbwire.com,Male,213.197.190.112
476,Edik,Hynam,ehynamd7@google.ru,Male,39.142.7.172
477,Georges,Charer,gcharerd8@salon.com,Male,49.149.66.7
478,Jobina,Shotbolt,jshotboltd9@blogspot.com,Female,166.220.222.146
479,Werner,Vain,wvainda@google.de,Male,132.48.7.167
480,Philip,Gradon,pgradondb@europa.eu,Non-binary,194.102.108.128
481,Rochell,Legerwood,rlegerwooddc@chicagotribune.com,Bigender,89.35.77.30
482,Panchito,Meddows,pmeddowsdd@jalbum.net,Male,123.185.225.44
483,Ludvig,Spitaro,lspitarode@gravatar.com,Male,6.251.71.52
484,Gilemette,Geelan,ggeelandf@goo.gl,Female,173.87.15.225
485,Dominga,Waite,dwaitedg@amazonaws.com,Female,167.94.49.177
486,Nikolaus,Apthorpe,napthorpedh@house.gov,Male,238.32.252.68
487,Marcelo,Butter,mbutterdi@google.co.jp,Male,245.162.7.82
488,Agathe,Gribble,agribbledj@wikipedia.org,Female,71.117.187.220
489,Lissa,Dalgleish,ldalgleishdk@comsenz.com,Female,53.190.191.227
490,Dougie,Meardon,dmeardondl@ucoz.ru,Male,116.137.212.100
491,Nertie,Heighway,nheighwaydm@cpanel.net,Female,186.62.82.240
492,Nowell,Aimson,naimsondn@cnbc.com,Male,49.151.110.57
493,Florenza,Marrison,fmarrisondo@quantcast.com,Female,212.54.186.136
494,Krishna,Murdy,kmurdydp@wordpress.com,Male,150.19.70.145
495,Kelli,Linford,klinforddq@ed.gov,Female,187.69.238.142
496,Sindee,Sinson,ssinsondr@taobao.com,Female,219.66.61.179
497,Lenore,Skeemer,lskeemerds@marriott.com,Female,133.91.159.33
498,Aimil,Manners,amannersdt@hibu.com,Female,165.83.149.11
499,Camellia,Lowden,clowdendu@geocities.com,Female,148.96.82.226
500,Saidee,Squibbs,ssquibbsdv@sbwire.com,Female,199.56.202.62
